{
    "asset": {
        "format": "jpg",
        "id": "05a632a39b4699be722513f6beda82c9",
        "name": "76.jpg",
        "path": "file:C:/Users/RSSpe/Desktop/strawberry-dataset/76.jpg",
        "size": {
            "width": 640,
            "height": 404
        },
        "state": 2,
        "type": 1
    },
    "regions": [
        {
            "id": "kfw9_8LQqO",
            "type": "RECTANGLE",
            "tags": [
                "FresaMadura"
            ],
            "boundingBox": {
                "height": 146.57761732851986,
                "width": 150.15945330296128,
                "left": 116.62870159453304,
                "top": 76.6615523465704
            },
            "points": [
                {
                    "x": 116.62870159453304,
                    "y": 76.6615523465704
                },
                {
                    "x": 266.78815489749434,
                    "y": 76.6615523465704
                },
                {
                    "x": 266.78815489749434,
                    "y": 223.23916967509027
                },
                {
                    "x": 116.62870159453304,
                    "y": 223.23916967509027
                }
            ]
        },
        {
            "id": "5GGGJehwlS",
            "type": "RECTANGLE",
            "tags": [
                "FresaInmadura"
            ],
            "boundingBox": {
                "height": 121.78339350180507,
                "width": 128.29157175398635,
                "left": 339.6810933940775,
                "top": 54.05505415162455
            },
            "points": [
                {
                    "x": 339.6810933940775,
                    "y": 54.05505415162455
                },
                {
                    "x": 467.9726651480638,
                    "y": 54.05505415162455
                },
                {
                    "x": 467.9726651480638,
                    "y": 175.83844765342963
                },
                {
                    "x": 339.6810933940775,
                    "y": 175.83844765342963
                }
            ]
        },
        {
            "id": "WxrcptuzVi",
            "type": "RECTANGLE",
            "tags": [
                "FresaInmadura"
            ],
            "boundingBox": {
                "height": 124.79151624548746,
                "width": 142.1412300683371,
                "left": 317.08428246013676,
                "top": 263.2563176895307
            },
            "points": [
                {
                    "x": 317.08428246013676,
                    "y": 263.2563176895307
                },
                {
                    "x": 459.2255125284738,
                    "y": 263.2563176895307
                },
                {
                    "x": 459.2255125284738,
                    "y": 388.04783393501816
                },
                {
                    "x": 317.08428246013676,
                    "y": 388.04783393501816
                }
            ]
        },
        {
            "id": "6MEfZBR6Di",
            "type": "RECTANGLE",
            "tags": [
                "FresaInmadura"
            ],
            "boundingBox": {
                "height": 32.724729241877256,
                "width": 107.15261958997723,
                "left": 186.60592255125286,
                "top": 371.27527075812276
            },
            "points": [
                {
                    "x": 186.60592255125286,
                    "y": 371.27527075812276
                },
                {
                    "x": 293.75854214123007,
                    "y": 371.27527075812276
                },
                {
                    "x": 293.75854214123007,
                    "y": 404
                },
                {
                    "x": 186.60592255125286,
                    "y": 404
                }
            ]
        },
        {
            "id": "5IlAI1p1CZ",
            "type": "RECTANGLE",
            "tags": [
                "FresaInmadura"
            ],
            "boundingBox": {
                "height": 45.30415162454874,
                "width": 75.80865603644648,
                "left": 435.1708428246014,
                "top": 0
            },
            "points": [
                {
                    "x": 435.1708428246014,
                    "y": 0
                },
                {
                    "x": 510.9794988610479,
                    "y": 0
                },
                {
                    "x": 510.9794988610479,
                    "y": 45.30415162454874
                },
                {
                    "x": 435.1708428246014,
                    "y": 45.30415162454874
                }
            ]
        },
        {
            "id": "IgUzOEasle",
            "type": "RECTANGLE",
            "tags": [
                "FresaInmadura"
            ],
            "boundingBox": {
                "height": 74.38267148014441,
                "width": 69.248291571754,
                "left": 444.64692482915723,
                "top": 175.1092057761733
            },
            "points": [
                {
                    "x": 444.64692482915723,
                    "y": 175.1092057761733
                },
                {
                    "x": 513.8952164009112,
                    "y": 175.1092057761733
                },
                {
                    "x": 513.8952164009112,
                    "y": 249.4918772563177
                },
                {
                    "x": 444.64692482915723,
                    "y": 249.4918772563177
                }
            ]
        }
    ],
    "version": "2.2.0"
}