{
    "asset": {
        "format": "jpg",
        "id": "0ce28762e4163a2df4cc344f0dd991bf",
        "name": "61.jpg",
        "path": "file:C:/Users/RSSpe/Desktop/strawberry-dataset/61.jpg",
        "size": {
            "width": 762,
            "height": 492
        },
        "state": 2,
        "type": 1
    },
    "regions": [
        {
            "id": "mo9OiBCBq3",
            "type": "RECTANGLE",
            "tags": [
                "FresaMadura"
            ],
            "boundingBox": {
                "height": 430.60808435852374,
                "width": 562.2020431328037,
                "left": 189.41884222474462,
                "top": 47.92190246045694
            },
            "points": [
                {
                    "x": 189.41884222474462,
                    "y": 47.92190246045694
                },
                {
                    "x": 751.6208853575483,
                    "y": 47.92190246045694
                },
                {
                    "x": 751.6208853575483,
                    "y": 478.52998681898066
                },
                {
                    "x": 189.41884222474462,
                    "y": 478.52998681898066
                }
            ]
        }
    ],
    "version": "2.2.0"
}