{
    "asset": {
        "format": "jpg",
        "id": "0fb7c58aa088467fa70eef9a1d335ada",
        "name": "46.jpg",
        "path": "file:C:/Users/RSSpe/Desktop/strawberry-dataset/46.jpg",
        "size": {
            "width": 540,
            "height": 406
        },
        "state": 2,
        "type": 1
    },
    "regions": [
        {
            "id": "_NXQ5tGJFC",
            "type": "RECTANGLE",
            "tags": [
                "FresaMadura"
            ],
            "boundingBox": {
                "height": 213.08278145695363,
                "width": 262.26650062266503,
                "left": 188.0837484433375,
                "top": 118.3046357615894
            },
            "points": [
                {
                    "x": 188.0837484433375,
                    "y": 118.3046357615894
                },
                {
                    "x": 450.3502490660025,
                    "y": 118.3046357615894
                },
                {
                    "x": 450.3502490660025,
                    "y": 331.387417218543
                },
                {
                    "x": 188.0837484433375,
                    "y": 331.387417218543
                }
            ]
        },
        {
            "id": "7xrMOCgSMo",
            "type": "RECTANGLE",
            "tags": [
                "FresaMadura"
            ],
            "boundingBox": {
                "height": 160.6523178807947,
                "width": 209.60305105853053,
                "left": 0,
                "top": 98.13907284768212
            },
            "points": [
                {
                    "x": 0,
                    "y": 98.13907284768212
                },
                {
                    "x": 209.60305105853053,
                    "y": 98.13907284768212
                },
                {
                    "x": 209.60305105853053,
                    "y": 258.7913907284768
                },
                {
                    "x": 0,
                    "y": 258.7913907284768
                }
            ]
        },
        {
            "id": "xCG7HvQZwg",
            "type": "RECTANGLE",
            "tags": [
                "FresaMadura"
            ],
            "boundingBox": {
                "height": 168.7185430463576,
                "width": 160.25996264009964,
                "left": 379.7400373599004,
                "top": 51.086092715231786
            },
            "points": [
                {
                    "x": 379.7400373599004,
                    "y": 51.086092715231786
                },
                {
                    "x": 540,
                    "y": 51.086092715231786
                },
                {
                    "x": 540,
                    "y": 219.8046357615894
                },
                {
                    "x": 379.7400373599004,
                    "y": 219.8046357615894
                }
            ]
        },
        {
            "id": "IRIU_VhrHy",
            "type": "RECTANGLE",
            "tags": [
                "FresaMadura"
            ],
            "boundingBox": {
                "height": 116.96026490066225,
                "width": 223.93524283935244,
                "left": 151.09744707347448,
                "top": 41.675496688741724
            },
            "points": [
                {
                    "x": 151.09744707347448,
                    "y": 41.675496688741724
                },
                {
                    "x": 375.0326899128269,
                    "y": 41.675496688741724
                },
                {
                    "x": 375.0326899128269,
                    "y": 158.63576158940398
                },
                {
                    "x": 151.09744707347448,
                    "y": 158.63576158940398
                }
            ]
        },
        {
            "id": "CWZ_QpgacK",
            "type": "RECTANGLE",
            "tags": [
                "FresaMadura"
            ],
            "boundingBox": {
                "height": 198.29470198675497,
                "width": 91.66718555417187,
                "left": 448.33281444582815,
                "top": 166.7019867549669
            },
            "points": [
                {
                    "x": 448.33281444582815,
                    "y": 166.7019867549669
                },
                {
                    "x": 540,
                    "y": 166.7019867549669
                },
                {
                    "x": 540,
                    "y": 364.99668874172187
                },
                {
                    "x": 448.33281444582815,
                    "y": 364.99668874172187
                }
            ]
        },
        {
            "id": "SdXSGtxDf1",
            "type": "RECTANGLE",
            "tags": [
                "FresaMadura"
            ],
            "boundingBox": {
                "height": 128.38741721854305,
                "width": 261.59402241594023,
                "left": 247.9343088418431,
                "top": 275.5960264900662
            },
            "points": [
                {
                    "x": 247.9343088418431,
                    "y": 275.5960264900662
                },
                {
                    "x": 509.52833125778335,
                    "y": 275.5960264900662
                },
                {
                    "x": 509.52833125778335,
                    "y": 403.9834437086093
                },
                {
                    "x": 247.9343088418431,
                    "y": 403.9834437086093
                }
            ]
        },
        {
            "id": "o-9suSEyo1",
            "type": "RECTANGLE",
            "tags": [
                "FresaMadura"
            ],
            "boundingBox": {
                "height": 45.70860927152318,
                "width": 220.57285180572853,
                "left": 71.0725404732254,
                "top": 360.2913907284768
            },
            "points": [
                {
                    "x": 71.0725404732254,
                    "y": 360.2913907284768
                },
                {
                    "x": 291.6453922789539,
                    "y": 360.2913907284768
                },
                {
                    "x": 291.6453922789539,
                    "y": 406
                },
                {
                    "x": 71.0725404732254,
                    "y": 406
                }
            ]
        },
        {
            "id": "VajHs_Ty_A",
            "type": "RECTANGLE",
            "tags": [
                "FresaMadura"
            ],
            "boundingBox": {
                "height": 163.341059602649,
                "width": 250.62422166874222,
                "left": 0,
                "top": 242.658940397351
            },
            "points": [
                {
                    "x": 0,
                    "y": 242.658940397351
                },
                {
                    "x": 250.62422166874222,
                    "y": 242.658940397351
                },
                {
                    "x": 250.62422166874222,
                    "y": 406
                },
                {
                    "x": 0,
                    "y": 406
                }
            ]
        },
        {
            "id": "lPyZzroh_G",
            "type": "RECTANGLE",
            "tags": [
                "FresaMadura"
            ],
            "boundingBox": {
                "height": 108.89403973509934,
                "width": 232.8876089663761,
                "left": 307.1123910336239,
                "top": 0
            },
            "points": [
                {
                    "x": 307.1123910336239,
                    "y": 0
                },
                {
                    "x": 540,
                    "y": 0
                },
                {
                    "x": 540,
                    "y": 108.89403973509934
                },
                {
                    "x": 307.1123910336239,
                    "y": 108.89403973509934
                }
            ]
        }
    ],
    "version": "2.2.0"
}