{
    "asset": {
        "format": "jpg",
        "id": "1a53ee70fe104d53fd5d53a38d6ffa8a",
        "name": "31.jpg",
        "path": "file:C:/Users/RSSpe/Desktop/strawberry-dataset/31.jpg",
        "size": {
            "width": 1227,
            "height": 787
        },
        "state": 2,
        "type": 1
    },
    "regions": [
        {
            "id": "HOMTJRth8K",
            "type": "RECTANGLE",
            "tags": [
                "FresaInmadura"
            ],
            "boundingBox": {
                "height": 433.9599834070797,
                "width": 366.2894438138479,
                "left": 58.49489216799092,
                "top": 211.72389380530976
            },
            "points": [
                {
                    "x": 58.49489216799092,
                    "y": 211.72389380530976
                },
                {
                    "x": 424.7843359818388,
                    "y": 211.72389380530976
                },
                {
                    "x": 424.7843359818388,
                    "y": 645.6838772123895
                },
                {
                    "x": 58.49489216799092,
                    "y": 645.6838772123895
                }
            ]
        },
        {
            "id": "GE8WddLxCB",
            "type": "RECTANGLE",
            "tags": [
                "FresaInmadura"
            ],
            "boundingBox": {
                "height": 571.0973451327434,
                "width": 328.6855845629966,
                "left": 409.46424517593647,
                "top": 152.59007190265487
            },
            "points": [
                {
                    "x": 409.46424517593647,
                    "y": 152.59007190265487
                },
                {
                    "x": 738.149829738933,
                    "y": 152.59007190265487
                },
                {
                    "x": 738.149829738933,
                    "y": 723.6874170353983
                },
                {
                    "x": 409.46424517593647,
                    "y": 723.6874170353983
                }
            ]
        },
        {
            "id": "rKsL-69StK",
            "type": "RECTANGLE",
            "tags": [
                "FresaMadura"
            ],
            "boundingBox": {
                "height": 632.3858407079647,
                "width": 437.3189557321226,
                "left": 739.5425652667424,
                "top": 123.33874446902655
            },
            "points": [
                {
                    "x": 739.5425652667424,
                    "y": 123.33874446902655
                },
                {
                    "x": 1176.861520998865,
                    "y": 123.33874446902655
                },
                {
                    "x": 1176.861520998865,
                    "y": 755.7245851769912
                },
                {
                    "x": 739.5425652667424,
                    "y": 755.7245851769912
                }
            ]
        }
    ],
    "version": "2.2.0"
}