{
    "asset": {
        "format": "jpg",
        "id": "1ce1923737e0ee4d1373efe81da8f071",
        "name": "13.jpg",
        "path": "file:C:/Users/RSSpe/Desktop/strawberry-dataset/13.jpg",
        "size": {
            "width": 1184,
            "height": 663
        },
        "state": 2,
        "type": 1
    },
    "regions": [
        {
            "id": "gWEqzR0HKN",
            "type": "RECTANGLE",
            "tags": [
                "FresaInmadura"
            ],
            "boundingBox": {
                "height": 182.25896414342628,
                "width": 176.87402452619844,
                "left": 1007.1259754738015,
                "top": 182.46532619521912
            },
            "points": [
                {
                    "x": 1007.1259754738015,
                    "y": 182.46532619521912
                },
                {
                    "x": 1184,
                    "y": 182.46532619521912
                },
                {
                    "x": 1184,
                    "y": 364.7242903386454
                },
                {
                    "x": 1007.1259754738015,
                    "y": 364.7242903386454
                }
            ]
        },
        {
            "id": "6kw3tCupPs",
            "type": "RECTANGLE",
            "tags": [
                "FresaInmadura"
            ],
            "boundingBox": {
                "height": 297.16135458167327,
                "width": 270.59085841694537,
                "left": 0,
                "top": 14.734250498007963
            },
            "points": [
                {
                    "x": 0,
                    "y": 14.734250498007963
                },
                {
                    "x": 270.59085841694537,
                    "y": 14.734250498007963
                },
                {
                    "x": 270.59085841694537,
                    "y": 311.8956050796812
                },
                {
                    "x": 0,
                    "y": 311.8956050796812
                }
            ]
        },
        {
            "id": "YqHKniD1uY",
            "type": "RECTANGLE",
            "tags": [
                "FresaInmadura"
            ],
            "boundingBox": {
                "height": 152.08883217131472,
                "width": 211.19286510590857,
                "left": 863.2508361204013,
                "top": 0
            },
            "points": [
                {
                    "x": 863.2508361204013,
                    "y": 0
                },
                {
                    "x": 1074.44370122631,
                    "y": 0
                },
                {
                    "x": 1074.44370122631,
                    "y": 152.08883217131472
                },
                {
                    "x": 863.2508361204013,
                    "y": 152.08883217131472
                }
            ]
        },
        {
            "id": "fjp3kVgzwI",
            "type": "RECTANGLE",
            "tags": [
                "FresaMadura"
            ],
            "boundingBox": {
                "height": 285.2749003984064,
                "width": 245.51170568561872,
                "left": 694.2965440356744,
                "top": 364.7242903386454
            },
            "points": [
                {
                    "x": 694.2965440356744,
                    "y": 364.7242903386454
                },
                {
                    "x": 939.8082497212931,
                    "y": 364.7242903386454
                },
                {
                    "x": 939.8082497212931,
                    "y": 649.9991907370518
                },
                {
                    "x": 694.2965440356744,
                    "y": 649.9991907370518
                }
            ]
        },
        {
            "id": "VkUHquMHBK",
            "type": "RECTANGLE",
            "tags": [
                "FresaMadura"
            ],
            "boundingBox": {
                "height": 352.63147410358556,
                "width": 349.7881828316612,
                "left": 447.4648829431437,
                "top": 161.33385209163345
            },
            "points": [
                {
                    "x": 447.4648829431437,
                    "y": 161.33385209163345
                },
                {
                    "x": 797.2530657748049,
                    "y": 161.33385209163345
                },
                {
                    "x": 797.2530657748049,
                    "y": 513.9653261952191
                },
                {
                    "x": 447.4648829431437,
                    "y": 513.9653261952191
                }
            ]
        },
        {
            "id": "bbCmQlIxVw",
            "type": "RECTANGLE",
            "tags": [
                "FresaInmadura"
            ],
            "boundingBox": {
                "height": 204.5047933266932,
                "width": 233.6321070234114,
                "left": 212.51282051282047,
                "top": 200.95536603585657
            },
            "points": [
                {
                    "x": 212.51282051282047,
                    "y": 200.95536603585657
                },
                {
                    "x": 446.1449275362319,
                    "y": 200.95536603585657
                },
                {
                    "x": 446.1449275362319,
                    "y": 405.4601593625498
                },
                {
                    "x": 212.51282051282047,
                    "y": 405.4601593625498
                }
            ]
        },
        {
            "id": "StKsz8Dey1",
            "type": "RECTANGLE",
            "tags": [
                "FresaInmadura"
            ],
            "boundingBox": {
                "height": 193.9390562749004,
                "width": 154.4347826086957,
                "left": 357.7079152731326,
                "top": 311.8956050796813
            },
            "points": [
                {
                    "x": 357.7079152731326,
                    "y": 311.8956050796813
                },
                {
                    "x": 512.1426978818283,
                    "y": 311.8956050796813
                },
                {
                    "x": 512.1426978818283,
                    "y": 505.83466135458167
                },
                {
                    "x": 357.7079152731326,
                    "y": 505.83466135458167
                }
            ]
        }
    ],
    "version": "2.2.0"
}