{
    "asset": {
        "format": "jpg",
        "id": "1e8fbd558a3fa02c8db05692fecca48f",
        "name": "11.jpg",
        "path": "file:C:/Users/RSSpe/Desktop/strawberry-dataset/11.jpg",
        "size": {
            "width": 1600,
            "height": 991
        },
        "state": 2,
        "type": 1
    },
    "regions": [
        {
            "id": "DR6jiyuGQh",
            "type": "RECTANGLE",
            "tags": [
                "FresaMadura"
            ],
            "boundingBox": {
                "height": 228.14388489208633,
                "width": 253.28874024526198,
                "left": 181.93979933110367,
                "top": 24.59119267086331
            },
            "points": [
                {
                    "x": 181.93979933110367,
                    "y": 24.59119267086331
                },
                {
                    "x": 435.2285395763657,
                    "y": 24.59119267086331
                },
                {
                    "x": 435.2285395763657,
                    "y": 252.73507756294964
                },
                {
                    "x": 181.93979933110367,
                    "y": 252.73507756294964
                }
            ]
        },
        {
            "id": "BH3T0uY0ZW",
            "type": "RECTANGLE",
            "tags": [
                "FresaMadura"
            ],
            "boundingBox": {
                "height": 370.7338129496403,
                "width": 329.98885172798214,
                "left": 246.15384615384616,
                "top": 352.54802720323744
            },
            "points": [
                {
                    "x": 246.15384615384616,
                    "y": 352.54802720323744
                },
                {
                    "x": 576.1426978818283,
                    "y": 352.54802720323744
                },
                {
                    "x": 576.1426978818283,
                    "y": 723.2818401528777
                },
                {
                    "x": 246.15384615384616,
                    "y": 723.2818401528777
                }
            ]
        },
        {
            "id": "PlrWU1sV0I",
            "type": "RECTANGLE",
            "tags": [
                "FresaMadura"
            ],
            "boundingBox": {
                "height": 631.3224763938849,
                "width": 494.0914158305467,
                "left": 809.8104793756968,
                "top": 258.08219986510784
            },
            "points": [
                {
                    "x": 809.8104793756968,
                    "y": 258.08219986510784
                },
                {
                    "x": 1303.9018952062434,
                    "y": 258.08219986510784
                },
                {
                    "x": 1303.9018952062434,
                    "y": 889.4046762589927
                },
                {
                    "x": 809.8104793756968,
                    "y": 889.4046762589927
                }
            ]
        },
        {
            "id": "f_T4kIkwVj",
            "type": "RECTANGLE",
            "tags": [
                "FresaMadura"
            ],
            "boundingBox": {
                "height": 322.2476674910072,
                "width": 280.04459308807145,
                "left": 536.9007803790413,
                "top": 607.7895683453238
            },
            "points": [
                {
                    "x": 536.9007803790413,
                    "y": 607.7895683453238
                },
                {
                    "x": 816.9453734671127,
                    "y": 607.7895683453238
                },
                {
                    "x": 816.9453734671127,
                    "y": 930.037235836331
                },
                {
                    "x": 536.9007803790413,
                    "y": 930.037235836331
                }
            ]
        }
    ],
    "version": "2.2.0"
}