{
    "asset": {
        "format": "jpg",
        "id": "2449113a2701ba4f93328abe965b18f5",
        "name": "12.jpg",
        "path": "file:C:/Users/RSSpe/Desktop/strawberry-dataset/12.jpg",
        "size": {
            "width": 2121,
            "height": 1414
        },
        "state": 2,
        "type": 1
    },
    "regions": [
        {
            "id": "uvgLCRpLvy",
            "type": "RECTANGLE",
            "tags": [
                "FresaMadura"
            ],
            "boundingBox": {
                "height": 226.99665551839465,
                "width": 177.34113712374582,
                "left": 924.5384615384615,
                "top": 487.09698996655516
            },
            "points": [
                {
                    "x": 924.5384615384615,
                    "y": 487.09698996655516
                },
                {
                    "x": 1101.8795986622074,
                    "y": 487.09698996655516
                },
                {
                    "x": 1101.8795986622074,
                    "y": 714.0936454849498
                },
                {
                    "x": 924.5384615384615,
                    "y": 714.0936454849498
                }
            ]
        },
        {
            "id": "TlFhftfvB3",
            "type": "RECTANGLE",
            "tags": [
                "FresaMadura"
            ],
            "boundingBox": {
                "height": 243.54849498327758,
                "width": 189.16387959866222,
                "left": 1191.732441471572,
                "top": 600.5953177257525
            },
            "points": [
                {
                    "x": 1191.732441471572,
                    "y": 600.5953177257525
                },
                {
                    "x": 1380.896321070234,
                    "y": 600.5953177257525
                },
                {
                    "x": 1380.896321070234,
                    "y": 844.14381270903
                },
                {
                    "x": 1191.732441471572,
                    "y": 844.14381270903
                }
            ]
        },
        {
            "id": "yu3DsMVcI4",
            "type": "RECTANGLE",
            "tags": [
                "FresaMadura"
            ],
            "boundingBox": {
                "height": 236.45484949832775,
                "width": 193.89297658862876,
                "left": 1312.324414715719,
                "top": 380.6923076923077
            },
            "points": [
                {
                    "x": 1312.324414715719,
                    "y": 380.6923076923077
                },
                {
                    "x": 1506.2173913043478,
                    "y": 380.6923076923077
                },
                {
                    "x": 1506.2173913043478,
                    "y": 617.1471571906354
                },
                {
                    "x": 1312.324414715719,
                    "y": 617.1471571906354
                }
            ]
        },
        {
            "id": "cJcROdQKLP",
            "type": "RECTANGLE",
            "tags": [
                "FresaMadura"
            ],
            "boundingBox": {
                "height": 229.36120401337791,
                "width": 177.34113712374582,
                "left": 1527.4983277591973,
                "top": 489.46153846153845
            },
            "points": [
                {
                    "x": 1527.4983277591973,
                    "y": 489.46153846153845
                },
                {
                    "x": 1704.839464882943,
                    "y": 489.46153846153845
                },
                {
                    "x": 1704.839464882943,
                    "y": 718.8227424749164
                },
                {
                    "x": 1527.4983277591973,
                    "y": 718.8227424749164
                }
            ]
        },
        {
            "id": "O-ayr2vL3Q",
            "type": "RECTANGLE",
            "tags": [
                "FresaMadura"
            ],
            "boundingBox": {
                "height": 189.16387959866222,
                "width": 146.6020066889632,
                "left": 1834.8896321070233,
                "top": 241.1839464882943
            },
            "points": [
                {
                    "x": 1834.8896321070233,
                    "y": 241.1839464882943
                },
                {
                    "x": 1981.4916387959865,
                    "y": 241.1839464882943
                },
                {
                    "x": 1981.4916387959865,
                    "y": 430.3478260869565
                },
                {
                    "x": 1834.8896321070233,
                    "y": 430.3478260869565
                }
            ]
        },
        {
            "id": "4jlf95PVcL",
            "type": "RECTANGLE",
            "tags": [
                "FresaMadura"
            ],
            "boundingBox": {
                "height": 189.16387959866222,
                "width": 153.69565217391303,
                "left": 1153.8996655518395,
                "top": 881.9765886287626
            },
            "points": [
                {
                    "x": 1153.8996655518395,
                    "y": 881.9765886287626
                },
                {
                    "x": 1307.5953177257525,
                    "y": 881.9765886287626
                },
                {
                    "x": 1307.5953177257525,
                    "y": 1071.1404682274247
                },
                {
                    "x": 1153.8996655518395,
                    "y": 1071.1404682274247
                }
            ]
        },
        {
            "id": "xQIVkIDzCE",
            "type": "RECTANGLE",
            "tags": [
                "FresaMadura"
            ],
            "boundingBox": {
                "height": 203.35117056856188,
                "width": 182.07023411371236,
                "left": 1385.6254180602007,
                "top": 905.6220735785953
            },
            "points": [
                {
                    "x": 1385.6254180602007,
                    "y": 905.6220735785953
                },
                {
                    "x": 1567.695652173913,
                    "y": 905.6220735785953
                },
                {
                    "x": 1567.695652173913,
                    "y": 1108.9732441471572
                },
                {
                    "x": 1385.6254180602007,
                    "y": 1108.9732441471572
                }
            ]
        },
        {
            "id": "IycNMXYdoK",
            "type": "RECTANGLE",
            "tags": [
                "FresaMadura"
            ],
            "boundingBox": {
                "height": 264.8294314381271,
                "width": 191.5284280936455,
                "left": 1248.4816053511706,
                "top": 997.8394648829432
            },
            "points": [
                {
                    "x": 1248.4816053511706,
                    "y": 997.8394648829432
                },
                {
                    "x": 1440.0100334448161,
                    "y": 997.8394648829432
                },
                {
                    "x": 1440.0100334448161,
                    "y": 1262.6688963210702
                },
                {
                    "x": 1248.4816053511706,
                    "y": 1262.6688963210702
                }
            ]
        },
        {
            "id": "pbNkWSbAS2",
            "type": "RECTANGLE",
            "tags": [
                "FresaMadura"
            ],
            "boundingBox": {
                "height": 234.09030100334448,
                "width": 182.07023411371236,
                "left": 1711.933110367893,
                "top": 409.066889632107
            },
            "points": [
                {
                    "x": 1711.933110367893,
                    "y": 409.066889632107
                },
                {
                    "x": 1894.0033444816054,
                    "y": 409.066889632107
                },
                {
                    "x": 1894.0033444816054,
                    "y": 643.1571906354515
                },
                {
                    "x": 1711.933110367893,
                    "y": 643.1571906354515
                }
            ]
        },
        {
            "id": "qdgFLUQWCZ",
            "type": "RECTANGLE",
            "tags": [
                "FresaMadura"
            ],
            "boundingBox": {
                "height": 191.5284280936455,
                "width": 151.33110367892976,
                "left": 659.7090301003344,
                "top": 399.60869565217394
            },
            "points": [
                {
                    "x": 659.7090301003344,
                    "y": 399.60869565217394
                },
                {
                    "x": 811.0401337792642,
                    "y": 399.60869565217394
                },
                {
                    "x": 811.0401337792642,
                    "y": 591.1371237458194
                },
                {
                    "x": 659.7090301003344,
                    "y": 591.1371237458194
                }
            ]
        },
        {
            "id": "XspMKf85AC",
            "type": "RECTANGLE",
            "tags": [
                "FresaMadura"
            ],
            "boundingBox": {
                "height": 179.7056856187291,
                "width": 158.4247491638796,
                "left": 482.3678929765886,
                "top": 411.4314381270903
            },
            "points": [
                {
                    "x": 482.3678929765886,
                    "y": 411.4314381270903
                },
                {
                    "x": 640.7926421404683,
                    "y": 411.4314381270903
                },
                {
                    "x": 640.7926421404683,
                    "y": 591.1371237458194
                },
                {
                    "x": 482.3678929765886,
                    "y": 591.1371237458194
                }
            ]
        },
        {
            "id": "t8WA-MatsT",
            "type": "RECTANGLE",
            "tags": [
                "FresaMadura"
            ],
            "boundingBox": {
                "height": 200.9866220735786,
                "width": 177.34113712374582,
                "left": 326.3076923076923,
                "top": 361.7759197324415
            },
            "points": [
                {
                    "x": 326.3076923076923,
                    "y": 361.7759197324415
                },
                {
                    "x": 503.6488294314381,
                    "y": 361.7759197324415
                },
                {
                    "x": 503.6488294314381,
                    "y": 562.7625418060201
                },
                {
                    "x": 326.3076923076923,
                    "y": 562.7625418060201
                }
            ]
        },
        {
            "id": "OdtS6My3ik",
            "type": "RECTANGLE",
            "tags": [
                "FresaMadura"
            ],
            "boundingBox": {
                "height": 182.07023411371236,
                "width": 139.50836120401337,
                "left": 40.197324414715716,
                "top": 867.7892976588629
            },
            "points": [
                {
                    "x": 40.197324414715716,
                    "y": 867.7892976588629
                },
                {
                    "x": 179.7056856187291,
                    "y": 867.7892976588629
                },
                {
                    "x": 179.7056856187291,
                    "y": 1049.8595317725753
                },
                {
                    "x": 40.197324414715716,
                    "y": 1049.8595317725753
                }
            ]
        },
        {
            "id": "Za3S6QRdVj",
            "type": "RECTANGLE",
            "tags": [
                "FresaMadura"
            ],
            "boundingBox": {
                "height": 196.25752508361205,
                "width": 156.06020066889633,
                "left": 120.59197324414716,
                "top": 976.5585284280936
            },
            "points": [
                {
                    "x": 120.59197324414716,
                    "y": 976.5585284280936
                },
                {
                    "x": 276.6521739130435,
                    "y": 976.5585284280936
                },
                {
                    "x": 276.6521739130435,
                    "y": 1172.8160535117056
                },
                {
                    "x": 120.59197324414716,
                    "y": 1172.8160535117056
                }
            ]
        }
    ],
    "version": "2.2.0"
}