{
    "asset": {
        "format": "jpg",
        "id": "2b89770867eb88d14f7b0edb8a82cdfd",
        "name": "58.jpg",
        "path": "file:C:/Users/RSSpe/Desktop/strawberry-dataset/58.jpg",
        "size": {
            "width": 360,
            "height": 360
        },
        "state": 2,
        "type": 1
    },
    "regions": [
        {
            "id": "4XLvRJqbYk",
            "type": "RECTANGLE",
            "tags": [
                "FresaMadura"
            ],
            "boundingBox": {
                "height": 132.317880794702,
                "width": 154.96688741721854,
                "left": 66.158940397351,
                "top": 157.35099337748346
            },
            "points": [
                {
                    "x": 66.158940397351,
                    "y": 157.35099337748346
                },
                {
                    "x": 221.12582781456956,
                    "y": 157.35099337748346
                },
                {
                    "x": 221.12582781456956,
                    "y": 289.66887417218544
                },
                {
                    "x": 66.158940397351,
                    "y": 289.66887417218544
                }
            ]
        },
        {
            "id": "y68U7MBz5l",
            "type": "RECTANGLE",
            "tags": [
                "FresaMadura"
            ],
            "boundingBox": {
                "height": 157.94701986754967,
                "width": 133.50993377483445,
                "left": 178.80794701986756,
                "top": 113.84105960264901
            },
            "points": [
                {
                    "x": 178.80794701986756,
                    "y": 113.84105960264901
                },
                {
                    "x": 312.31788079470203,
                    "y": 113.84105960264901
                },
                {
                    "x": 312.31788079470203,
                    "y": 271.7880794701987
                },
                {
                    "x": 178.80794701986756,
                    "y": 271.7880794701987
                }
            ]
        }
    ],
    "version": "2.2.0"
}