{
    "asset": {
        "format": "jpg",
        "id": "2e767e54df3cbfd906f2852fabd02bea",
        "name": "47.jpg",
        "path": "file:C:/Users/RSSpe/Desktop/strawberry-dataset/47.jpg",
        "size": {
            "width": 1024,
            "height": 682
        },
        "state": 2,
        "type": 1
    },
    "regions": [
        {
            "id": "ZwUUxTTm25",
            "type": "RECTANGLE",
            "tags": [
                "FresaMadura"
            ],
            "boundingBox": {
                "height": 456.603066439523,
                "width": 438.1929625425653,
                "left": 118.55618615209988,
                "top": 171.24430366269166
            },
            "points": [
                {
                    "x": 118.55618615209988,
                    "y": 171.24430366269166
                },
                {
                    "x": 556.7491486946651,
                    "y": 171.24430366269166
                },
                {
                    "x": 556.7491486946651,
                    "y": 627.8473701022147
                },
                {
                    "x": 118.55618615209988,
                    "y": 627.8473701022147
                }
            ]
        },
        {
            "id": "X7imneBP5p",
            "type": "RECTANGLE",
            "tags": [
                "FresaMadura"
            ],
            "boundingBox": {
                "height": 419.4241908006815,
                "width": 399.8365493757094,
                "left": 555.5868331441543,
                "top": 131.7417482964225
            },
            "points": [
                {
                    "x": 555.5868331441543,
                    "y": 131.7417482964225
                },
                {
                    "x": 955.4233825198636,
                    "y": 131.7417482964225
                },
                {
                    "x": 955.4233825198636,
                    "y": 551.1659390971039
                },
                {
                    "x": 555.5868331441543,
                    "y": 551.1659390971039
                }
            ]
        }
    ],
    "version": "2.2.0"
}