{
    "asset": {
        "format": "jpg",
        "id": "2f323b7e61d99d5b534354d56d0b609e",
        "name": "83.jpg",
        "path": "file:C:/Users/RSSpe/Desktop/strawberry-dataset/83.jpg",
        "size": {
            "width": 383,
            "height": 484
        },
        "state": 2,
        "type": 1
    },
    "regions": [
        {
            "id": "4X8JIG6spe",
            "type": "RECTANGLE",
            "tags": [
                "FresaMadura"
            ],
            "boundingBox": {
                "height": 74.52317880794702,
                "width": 83.3305439330544,
                "left": 81.71551385983264,
                "top": 25.642384105960264
            },
            "points": [
                {
                    "x": 81.71551385983264,
                    "y": 25.642384105960264
                },
                {
                    "x": 165.04605779288704,
                    "y": 25.642384105960264
                },
                {
                    "x": 165.04605779288704,
                    "y": 100.16556291390728
                },
                {
                    "x": 81.71551385983264,
                    "y": 100.16556291390728
                }
            ]
        },
        {
            "id": "wR9peqGUnU",
            "type": "RECTANGLE",
            "tags": [
                "FresaMadura"
            ],
            "boundingBox": {
                "height": 154.65562913907286,
                "width": 128.20083682008368,
                "left": 145.81593226987448,
                "top": 155.4569536423841
            },
            "points": [
                {
                    "x": 145.81593226987448,
                    "y": 155.4569536423841
                },
                {
                    "x": 274.0167690899582,
                    "y": 155.4569536423841
                },
                {
                    "x": 274.0167690899582,
                    "y": 310.1125827814569
                },
                {
                    "x": 145.81593226987448,
                    "y": 310.1125827814569
                }
            ]
        },
        {
            "id": "DCLZvsNoNU",
            "type": "RECTANGLE",
            "tags": [
                "FresaMadura"
            ],
            "boundingBox": {
                "height": 89.74834437086092,
                "width": 70.51046025104603,
                "left": 165.84731302301256,
                "top": 383.0331125827814
            },
            "points": [
                {
                    "x": 165.84731302301256,
                    "y": 383.0331125827814
                },
                {
                    "x": 236.3577732740586,
                    "y": 383.0331125827814
                },
                {
                    "x": 236.3577732740586,
                    "y": 472.78145695364236
                },
                {
                    "x": 165.84731302301256,
                    "y": 472.78145695364236
                }
            ]
        }
    ],
    "version": "2.2.0"
}