{
    "asset": {
        "format": "jpg",
        "id": "343063898d6ade84da6af740c9ead536",
        "name": "29.jpg",
        "path": "file:C:/Users/RSSpe/Desktop/strawberry-dataset/29.jpg",
        "size": {
            "width": 406,
            "height": 326
        },
        "state": 2,
        "type": 1
    },
    "regions": [
        {
            "id": "GQxteSxUrA",
            "type": "RECTANGLE",
            "tags": [
                "FresaInmadura"
            ],
            "boundingBox": {
                "height": 29.14569536423841,
                "width": 29.154255319148934,
                "left": 7.625997340425532,
                "top": 239.64238410596025
            },
            "points": [
                {
                    "x": 7.625997340425532,
                    "y": 239.64238410596025
                },
                {
                    "x": 36.780252659574465,
                    "y": 239.64238410596025
                },
                {
                    "x": 36.780252659574465,
                    "y": 268.7880794701987
                },
                {
                    "x": 7.625997340425532,
                    "y": 268.7880794701987
                }
            ]
        },
        {
            "id": "waonkmoiH_",
            "type": "RECTANGLE",
            "tags": [
                "FresaInmadura"
            ],
            "boundingBox": {
                "height": 43.17880794701986,
                "width": 42.65159574468085,
                "left": 49.197805851063826,
                "top": 226.68874172185429
            },
            "points": [
                {
                    "x": 49.197805851063826,
                    "y": 226.68874172185429
                },
                {
                    "x": 91.84940159574468,
                    "y": 226.68874172185429
                },
                {
                    "x": 91.84940159574468,
                    "y": 269.8675496688742
                },
                {
                    "x": 49.197805851063826,
                    "y": 269.8675496688742
                }
            ]
        },
        {
            "id": "2c2-v_iZ_c",
            "type": "RECTANGLE",
            "tags": [
                "FresaInmadura"
            ],
            "boundingBox": {
                "height": 51.27483443708609,
                "width": 50.21010638297872,
                "left": 106.42652925531915,
                "top": 220.21192052980132
            },
            "points": [
                {
                    "x": 106.42652925531915,
                    "y": 220.21192052980132
                },
                {
                    "x": 156.63663563829786,
                    "y": 220.21192052980132
                },
                {
                    "x": 156.63663563829786,
                    "y": 271.4867549668874
                },
                {
                    "x": 106.42652925531915,
                    "y": 271.4867549668874
                }
            ]
        },
        {
            "id": "MGwAV7KD--",
            "type": "RECTANGLE",
            "tags": [
                "FresaInmadura"
            ],
            "boundingBox": {
                "height": 55.59271523178808,
                "width": 60.53557180851064,
                "left": 170.6063829787234,
                "top": 213.19536423841055
            },
            "points": [
                {
                    "x": 170.6063829787234,
                    "y": 213.19536423841055
                },
                {
                    "x": 231.14195478723403,
                    "y": 213.19536423841055
                },
                {
                    "x": 231.14195478723403,
                    "y": 268.7880794701986
                },
                {
                    "x": 170.6063829787234,
                    "y": 268.7880794701986
                }
            ]
        },
        {
            "id": "iTdOzpmMXK",
            "type": "RECTANGLE",
            "tags": [
                "FresaInmadura"
            ],
            "boundingBox": {
                "height": 64.7682119205298,
                "width": 66.94680851063829,
                "left": 238.70046542553192,
                "top": 205.63907284768212
            },
            "points": [
                {
                    "x": 238.70046542553192,
                    "y": 205.63907284768212
                },
                {
                    "x": 305.6472739361702,
                    "y": 205.63907284768212
                },
                {
                    "x": 305.6472739361702,
                    "y": 270.4072847682119
                },
                {
                    "x": 238.70046542553192,
                    "y": 270.4072847682119
                }
            ]
        },
        {
            "id": "-8wMBQVBoz",
            "type": "RECTANGLE",
            "tags": [
                "FresaMadura"
            ],
            "boundingBox": {
                "height": 67.46688741721854,
                "width": 73.42553191489361,
                "left": 318.60472074468083,
                "top": 204.01986754966887
            },
            "points": [
                {
                    "x": 318.60472074468083,
                    "y": 204.01986754966887
                },
                {
                    "x": 392.03025265957444,
                    "y": 204.01986754966887
                },
                {
                    "x": 392.03025265957444,
                    "y": 271.4867549668874
                },
                {
                    "x": 318.60472074468083,
                    "y": 271.4867549668874
                }
            ]
        }
    ],
    "version": "2.2.0"
}