{
    "asset": {
        "format": "jpg",
        "id": "3653bdf17b47d0ca2d9e81cd8473d210",
        "name": "23.jpg",
        "path": "file:C:/Users/RSSpe/Desktop/strawberry-dataset/23.jpg",
        "size": {
            "width": 214,
            "height": 192
        },
        "state": 2,
        "type": 1
    },
    "regions": [
        {
            "id": "muu637Niij",
            "type": "RECTANGLE",
            "tags": [
                "FresaMadura"
            ],
            "boundingBox": {
                "height": 78.51655629139073,
                "width": 82.03863298662704,
                "left": 65.53849368499257,
                "top": 80.10596026490066
            },
            "points": [
                {
                    "x": 65.53849368499257,
                    "y": 80.10596026490066
                },
                {
                    "x": 147.5771266716196,
                    "y": 80.10596026490066
                },
                {
                    "x": 147.5771266716196,
                    "y": 158.6225165562914
                },
                {
                    "x": 65.53849368499257,
                    "y": 158.6225165562914
                }
            ]
        },
        {
            "id": "-91TiCiwsh",
            "type": "RECTANGLE",
            "tags": [
                "FresaMadura"
            ],
            "boundingBox": {
                "height": 96.63576158940398,
                "width": 79.1420412332838,
                "left": 134.8579587667162,
                "top": 3.814569536423841
            },
            "points": [
                {
                    "x": 134.8579587667162,
                    "y": 3.814569536423841
                },
                {
                    "x": 214,
                    "y": 3.814569536423841
                },
                {
                    "x": 214,
                    "y": 100.45033112582782
                },
                {
                    "x": 134.8579587667162,
                    "y": 100.45033112582782
                }
            ]
        },
        {
            "id": "iL0aQjF9w_",
            "type": "RECTANGLE",
            "tags": [
                "FresaMadura"
            ],
            "boundingBox": {
                "height": 62.94039735099338,
                "width": 81.40267459138187,
                "left": 121.5028324665676,
                "top": 129.05960264900662
            },
            "points": [
                {
                    "x": 121.5028324665676,
                    "y": 129.05960264900662
                },
                {
                    "x": 202.90550705794948,
                    "y": 129.05960264900662
                },
                {
                    "x": 202.90550705794948,
                    "y": 192
                },
                {
                    "x": 121.5028324665676,
                    "y": 192
                }
            ]
        }
    ],
    "version": "2.2.0"
}