{
    "asset": {
        "format": "jpg",
        "id": "3e8c38cee8ca492e3a42341774d07492",
        "name": "68.jpg",
        "path": "file:C:/Users/RSSpe/Desktop/strawberry-dataset/68.jpg",
        "size": {
            "width": 1280,
            "height": 960
        },
        "state": 2,
        "type": 1
    },
    "regions": [
        {
            "id": "B3WpNjN6GL",
            "type": "RECTANGLE",
            "tags": [
                "FresaMadura"
            ],
            "boundingBox": {
                "height": 553.1125827814569,
                "width": 415.0062111801242,
                "left": 713.416149068323,
                "top": 90.59602649006622
            },
            "points": [
                {
                    "x": 713.416149068323,
                    "y": 90.59602649006622
                },
                {
                    "x": 1128.4223602484471,
                    "y": 90.59602649006622
                },
                {
                    "x": 1128.4223602484471,
                    "y": 643.7086092715232
                },
                {
                    "x": 713.416149068323,
                    "y": 643.7086092715232
                }
            ]
        },
        {
            "id": "z5x_DlHJTy",
            "type": "RECTANGLE",
            "tags": [
                "FresaMadura"
            ],
            "boundingBox": {
                "height": 505.43046357615884,
                "width": 469.06832298136635,
                "left": 354.06211180124217,
                "top": 343.3112582781456
            },
            "points": [
                {
                    "x": 354.06211180124217,
                    "y": 343.3112582781456
                },
                {
                    "x": 823.1304347826084,
                    "y": 343.3112582781456
                },
                {
                    "x": 823.1304347826084,
                    "y": 848.7417218543046
                },
                {
                    "x": 354.06211180124217,
                    "y": 848.7417218543046
                }
            ]
        },
        {
            "id": "HfKX6vuUor",
            "type": "RECTANGLE",
            "tags": [
                "FresaMadura"
            ],
            "boundingBox": {
                "height": 440.26490066225165,
                "width": 357.2422360248447,
                "left": 0,
                "top": 244.76821192052978
            },
            "points": [
                {
                    "x": 0,
                    "y": 244.76821192052978
                },
                {
                    "x": 357.2422360248447,
                    "y": 244.76821192052978
                },
                {
                    "x": 357.2422360248447,
                    "y": 685.0331125827814
                },
                {
                    "x": 0,
                    "y": 685.0331125827814
                }
            ]
        },
        {
            "id": "Ud1WQG3qCM",
            "type": "RECTANGLE",
            "tags": [
                "FresaMadura"
            ],
            "boundingBox": {
                "height": 352.8476821192053,
                "width": 307.9503105590062,
                "left": 151.055900621118,
                "top": 540.3973509933775
            },
            "points": [
                {
                    "x": 151.055900621118,
                    "y": 540.3973509933775
                },
                {
                    "x": 459.0062111801242,
                    "y": 540.3973509933775
                },
                {
                    "x": 459.0062111801242,
                    "y": 893.2450331125827
                },
                {
                    "x": 151.055900621118,
                    "y": 893.2450331125827
                }
            ]
        },
        {
            "id": "ddc5maWIVN",
            "type": "RECTANGLE",
            "tags": [
                "FresaMadura"
            ],
            "boundingBox": {
                "height": 414.8344370860927,
                "width": 480.19875776397504,
                "left": 187.10559006211176,
                "top": 0
            },
            "points": [
                {
                    "x": 187.10559006211176,
                    "y": 0
                },
                {
                    "x": 667.3043478260868,
                    "y": 0
                },
                {
                    "x": 667.3043478260868,
                    "y": 414.8344370860927
                },
                {
                    "x": 187.10559006211176,
                    "y": 414.8344370860927
                }
            ]
        }
    ],
    "version": "2.2.0"
}