{
    "asset": {
        "format": "jpg",
        "id": "447f35a44148a85f0227e88afe53a257",
        "name": "75.jpg",
        "path": "file:C:/Users/RSSpe/Desktop/strawberry-dataset/75.jpg",
        "size": {
            "width": 839,
            "height": 637
        },
        "state": 2,
        "type": 1
    },
    "regions": [
        {
            "id": "KZTe3TD3QM",
            "type": "RECTANGLE",
            "tags": [
                "FresaMadura"
            ],
            "boundingBox": {
                "height": 442.94701986754967,
                "width": 392.09547738693465,
                "left": 194.7631516959799,
                "top": 167.68708609271522
            },
            "points": [
                {
                    "x": 194.7631516959799,
                    "y": 167.68708609271522
                },
                {
                    "x": 586.8586290829145,
                    "y": 167.68708609271522
                },
                {
                    "x": 586.8586290829145,
                    "y": 610.634105960265
                },
                {
                    "x": 194.7631516959799,
                    "y": 610.634105960265
                }
            ]
        }
    ],
    "version": "2.2.0"
}