{
    "asset": {
        "format": "jpg",
        "id": "46ccf4ce525fa6a32da5c4ff05e8a12c",
        "name": "69.jpg",
        "path": "file:C:/Users/RSSpe/Desktop/strawberry-dataset/69.jpg",
        "size": {
            "width": 503,
            "height": 502
        },
        "state": 2,
        "type": 1
    },
    "regions": [
        {
            "id": "h0r2YtFN7e",
            "type": "RECTANGLE",
            "tags": [
                "FresaMadura"
            ],
            "boundingBox": {
                "height": 308.34768211920533,
                "width": 289.3289256198347,
                "left": 123.55457128099174,
                "top": 135.47350993377484
            },
            "points": [
                {
                    "x": 123.55457128099174,
                    "y": 135.47350993377484
                },
                {
                    "x": 412.88349690082646,
                    "y": 135.47350993377484
                },
                {
                    "x": 412.88349690082646,
                    "y": 443.82119205298017
                },
                {
                    "x": 123.55457128099174,
                    "y": 443.82119205298017
                }
            ]
        }
    ],
    "version": "2.2.0"
}