{
    "asset": {
        "format": "jpg",
        "id": "4a4ccfa0f2304a47f286858cf3fbcf81",
        "name": "80.jpg",
        "path": "file:C:/Users/RSSpe/Desktop/strawberry-dataset/80.jpg",
        "size": {
            "width": 626,
            "height": 415
        },
        "state": 2,
        "type": 1
    },
    "regions": [
        {
            "id": "a7iuO20Icj",
            "type": "RECTANGLE",
            "tags": [
                "FresaMadura"
            ],
            "boundingBox": {
                "height": 121.93298969072166,
                "width": 145.44874715261957,
                "left": 116.21640091116173,
                "top": 167.59101159793815
            },
            "points": [
                {
                    "x": 116.21640091116173,
                    "y": 167.59101159793815
                },
                {
                    "x": 261.6651480637813,
                    "y": 167.59101159793815
                },
                {
                    "x": 261.6651480637813,
                    "y": 289.5240012886598
                },
                {
                    "x": 116.21640091116173,
                    "y": 289.5240012886598
                }
            ]
        },
        {
            "id": "cSeUa-k4sw",
            "type": "RECTANGLE",
            "tags": [
                "FresaMadura"
            ],
            "boundingBox": {
                "height": 137.62027491408935,
                "width": 163.98633257403188,
                "left": 343.65831435079724,
                "top": 151.90372637457045
            },
            "points": [
                {
                    "x": 343.65831435079724,
                    "y": 151.90372637457045
                },
                {
                    "x": 507.64464692482915,
                    "y": 151.90372637457045
                },
                {
                    "x": 507.64464692482915,
                    "y": 289.5240012886598
                },
                {
                    "x": 343.65831435079724,
                    "y": 289.5240012886598
                }
            ]
        },
        {
            "id": "26_XYAsJqc",
            "type": "RECTANGLE",
            "tags": [
                "FresaMadura"
            ],
            "boundingBox": {
                "height": 180.40378006872854,
                "width": 160.42141230068336,
                "left": 223.876993166287,
                "top": 101.98963702749141
            },
            "points": [
                {
                    "x": 223.876993166287,
                    "y": 101.98963702749141
                },
                {
                    "x": 384.29840546697034,
                    "y": 101.98963702749141
                },
                {
                    "x": 384.29840546697034,
                    "y": 282.39341709621993
                },
                {
                    "x": 223.876993166287,
                    "y": 282.39341709621993
                }
            ]
        }
    ],
    "version": "2.2.0"
}