{
    "asset": {
        "format": "jpg",
        "id": "4bdaed36430dff07df7e0322af50a88a",
        "name": "71.jpg",
        "path": "file:C:/Users/RSSpe/Desktop/strawberry-dataset/71.jpg",
        "size": {
            "width": 2260,
            "height": 1885
        },
        "state": 2,
        "type": 1
    },
    "regions": [
        {
            "id": "PHQBUpg7qn",
            "type": "RECTANGLE",
            "tags": [
                "FresaMadura"
            ],
            "boundingBox": {
                "height": 1382.541390728477,
                "width": 2044.9059046961324,
                "left": 106.13259668508287,
                "top": 502.4586092715232
            },
            "points": [
                {
                    "x": 106.13259668508287,
                    "y": 502.4586092715232
                },
                {
                    "x": 2151.0385013812156,
                    "y": 502.4586092715232
                },
                {
                    "x": 2151.0385013812156,
                    "y": 1885
                },
                {
                    "x": 106.13259668508287,
                    "y": 1885
                }
            ]
        },
        {
            "id": "gxgaxXwiq5",
            "type": "RECTANGLE",
            "tags": [
                "FresaInmadura"
            ],
            "boundingBox": {
                "height": 1042.367549668875,
                "width": 811.8948549723757,
                "left": 730.4419889502763,
                "top": 599.205298013245
            },
            "points": [
                {
                    "x": 730.4419889502763,
                    "y": 599.205298013245
                },
                {
                    "x": 1542.336843922652,
                    "y": 599.205298013245
                },
                {
                    "x": 1542.336843922652,
                    "y": 1641.57284768212
                },
                {
                    "x": 730.4419889502763,
                    "y": 1641.57284768212
                }
            ]
        }
    ],
    "version": "2.2.0"
}