{
    "asset": {
        "format": "jpg",
        "id": "4fbe6149cc2b76d57bf3bad75206fc25",
        "name": "26.jpg",
        "path": "file:C:/Users/RSSpe/Desktop/strawberry-dataset/26.jpg",
        "size": {
            "width": 750,
            "height": 1000
        },
        "state": 2,
        "type": 1
    },
    "regions": [
        {
            "id": "R9WW1uy5wF",
            "type": "RECTANGLE",
            "tags": [
                "FresaInmadura"
            ],
            "boundingBox": {
                "height": 193.7086092715232,
                "width": 149.0066225165563,
                "left": 131.6225165562914,
                "top": 635.7615894039735
            },
            "points": [
                {
                    "x": 131.6225165562914,
                    "y": 635.7615894039735
                },
                {
                    "x": 280.6291390728477,
                    "y": 635.7615894039735
                },
                {
                    "x": 280.6291390728477,
                    "y": 829.4701986754967
                },
                {
                    "x": 131.6225165562914,
                    "y": 829.4701986754967
                }
            ]
        },
        {
            "id": "8ZHJE2kLJF",
            "type": "RECTANGLE",
            "tags": [
                "FresaInmadura"
            ],
            "boundingBox": {
                "height": 246.6887417218543,
                "width": 248.34437086092714,
                "left": 442.88079470198676,
                "top": 543.0463576158941
            },
            "points": [
                {
                    "x": 442.88079470198676,
                    "y": 543.0463576158941
                },
                {
                    "x": 691.225165562914,
                    "y": 543.0463576158941
                },
                {
                    "x": 691.225165562914,
                    "y": 789.7350993377484
                },
                {
                    "x": 442.88079470198676,
                    "y": 789.7350993377484
                }
            ]
        },
        {
            "id": "Qwp7AuMFBW",
            "type": "RECTANGLE",
            "tags": [
                "FresaInmadura"
            ],
            "boundingBox": {
                "height": 104.30463576158941,
                "width": 115.89403973509934,
                "left": 485.9271523178808,
                "top": 405.6291390728477
            },
            "points": [
                {
                    "x": 485.9271523178808,
                    "y": 405.6291390728477
                },
                {
                    "x": 601.8211920529801,
                    "y": 405.6291390728477
                },
                {
                    "x": 601.8211920529801,
                    "y": 509.9337748344371
                },
                {
                    "x": 485.9271523178808,
                    "y": 509.9337748344371
                }
            ]
        }
    ],
    "version": "2.2.0"
}