{
    "asset": {
        "format": "jpg",
        "id": "56af4d89a4d4de784bbc21bfafbb8b47",
        "name": "15.jpg",
        "path": "file:C:/Users/RSSpe/Desktop/strawberry-dataset/15.jpg",
        "size": {
            "width": 403,
            "height": 609
        },
        "state": 2,
        "type": 1
    },
    "regions": [
        {
            "id": "FG00ZbYH9Z",
            "type": "RECTANGLE",
            "tags": [
                "FresaMadura"
            ],
            "boundingBox": {
                "height": 153.25827814569536,
                "width": 161.20000000000002,
                "left": 149.47207031250002,
                "top": 224.8460264900662
            },
            "points": [
                {
                    "x": 149.47207031250002,
                    "y": 224.8460264900662
                },
                {
                    "x": 310.6720703125,
                    "y": 224.8460264900662
                },
                {
                    "x": 310.6720703125,
                    "y": 378.1043046357616
                },
                {
                    "x": 149.47207031250002,
                    "y": 378.1043046357616
                }
            ]
        },
        {
            "id": "7crlIcyHri",
            "type": "RECTANGLE",
            "tags": [
                "FresaInmadura"
            ],
            "boundingBox": {
                "height": 152.25,
                "width": 119.89250000000001,
                "left": 278.4320703125,
                "top": 347.85596026490066
            },
            "points": [
                {
                    "x": 278.4320703125,
                    "y": 347.85596026490066
                },
                {
                    "x": 398.32457031250004,
                    "y": 347.85596026490066
                },
                {
                    "x": 398.32457031250004,
                    "y": 500.10596026490066
                },
                {
                    "x": 278.4320703125,
                    "y": 500.10596026490066
                }
            ]
        },
        {
            "id": "1aIsIiZnt7",
            "type": "RECTANGLE",
            "tags": [
                "FresaInmadura"
            ],
            "boundingBox": {
                "height": 166.3658940397351,
                "width": 128.96,
                "left": 166.59957031250002,
                "top": 389.1953642384106
            },
            "points": [
                {
                    "x": 166.59957031250002,
                    "y": 389.1953642384106
                },
                {
                    "x": 295.5595703125,
                    "y": 389.1953642384106
                },
                {
                    "x": 295.5595703125,
                    "y": 555.5612582781457
                },
                {
                    "x": 166.59957031250002,
                    "y": 555.5612582781457
                }
            ]
        },
        {
            "id": "i15IBKJQCd",
            "type": "RECTANGLE",
            "tags": [
                "FresaInmadura"
            ],
            "boundingBox": {
                "height": 96.79470198675497,
                "width": 114.855,
                "left": 61.819570312500005,
                "top": 362.9801324503311
            },
            "points": [
                {
                    "x": 61.819570312500005,
                    "y": 362.9801324503311
                },
                {
                    "x": 176.6745703125,
                    "y": 362.9801324503311
                },
                {
                    "x": 176.6745703125,
                    "y": 459.7748344370861
                },
                {
                    "x": 61.819570312500005,
                    "y": 459.7748344370861
                }
            ]
        },
        {
            "id": "uht136w2W6",
            "type": "RECTANGLE",
            "tags": [
                "FresaInmadura"
            ],
            "boundingBox": {
                "height": 144.1837748344371,
                "width": 76.57000000000001,
                "left": 110.1795703125,
                "top": 439.6092715231788
            },
            "points": [
                {
                    "x": 110.1795703125,
                    "y": 439.6092715231788
                },
                {
                    "x": 186.7495703125,
                    "y": 439.6092715231788
                },
                {
                    "x": 186.7495703125,
                    "y": 583.7930463576159
                },
                {
                    "x": 110.1795703125,
                    "y": 583.7930463576159
                }
            ]
        }
    ],
    "version": "2.2.0"
}