{
    "asset": {
        "format": "jpg",
        "id": "5907244cc76698c0ca1aaaf7fb05bcd8",
        "name": "90.jpg",
        "path": "file:C:/Users/RSSpe/Desktop/strawberry-dataset/90.jpg",
        "size": {
            "width": 725,
            "height": 669
        },
        "state": 2,
        "type": 1
    },
    "regions": [
        {
            "id": "XjrlTf6xzL",
            "type": "RECTANGLE",
            "tags": [
                "FresaInmadura"
            ],
            "boundingBox": {
                "height": 80.85596026490066,
                "width": 76.37404580152672,
                "left": 159.70062022900763,
                "top": 56.48841059602649
            },
            "points": [
                {
                    "x": 159.70062022900763,
                    "y": 56.48841059602649
                },
                {
                    "x": 236.07466603053433,
                    "y": 56.48841059602649
                },
                {
                    "x": 236.07466603053433,
                    "y": 137.34437086092717
                },
                {
                    "x": 159.70062022900763,
                    "y": 137.34437086092717
                }
            ]
        },
        {
            "id": "SMX9qJO7HG",
            "type": "RECTANGLE",
            "tags": [
                "FresaInmadura"
            ],
            "boundingBox": {
                "height": 67.56456953642385,
                "width": 76.37404580152672,
                "left": 63.40291030534351,
                "top": 173.8956953642384
            },
            "points": [
                {
                    "x": 63.40291030534351,
                    "y": 173.8956953642384
                },
                {
                    "x": 139.77695610687022,
                    "y": 173.8956953642384
                },
                {
                    "x": 139.77695610687022,
                    "y": 241.46026490066225
                },
                {
                    "x": 63.40291030534351,
                    "y": 241.46026490066225
                }
            ]
        },
        {
            "id": "3VM8lUOR3-",
            "type": "RECTANGLE",
            "tags": [
                "FresaInmadura"
            ],
            "boundingBox": {
                "height": 66.45695364238411,
                "width": 66.41221374045801,
                "left": 30.196803435114504,
                "top": 237.02980132450332
            },
            "points": [
                {
                    "x": 30.196803435114504,
                    "y": 237.02980132450332
                },
                {
                    "x": 96.60901717557252,
                    "y": 237.02980132450332
                },
                {
                    "x": 96.60901717557252,
                    "y": 303.4867549668874
                },
                {
                    "x": 30.196803435114504,
                    "y": 303.4867549668874
                }
            ]
        },
        {
            "id": "lwR7Yz1Nk1",
            "type": "RECTANGLE",
            "tags": [
                "FresaInmadura"
            ],
            "boundingBox": {
                "height": 70.88741721854305,
                "width": 71.94656488549619,
                "left": 23.5555820610687,
                "top": 335.6076158940397
            },
            "points": [
                {
                    "x": 23.5555820610687,
                    "y": 335.6076158940397
                },
                {
                    "x": 95.50214694656488,
                    "y": 335.6076158940397
                },
                {
                    "x": 95.50214694656488,
                    "y": 406.4950331125828
                },
                {
                    "x": 23.5555820610687,
                    "y": 406.4950331125828
                }
            ]
        },
        {
            "id": "a04XLEHzxP",
            "type": "RECTANGLE",
            "tags": [
                "FresaInmadura"
            ],
            "boundingBox": {
                "height": 59.8112582781457,
                "width": 66.41221374045801,
                "left": 246.03649809160305,
                "top": 68.67218543046359
            },
            "points": [
                {
                    "x": 246.03649809160305,
                    "y": 68.67218543046359
                },
                {
                    "x": 312.44871183206106,
                    "y": 68.67218543046359
                },
                {
                    "x": 312.44871183206106,
                    "y": 128.4834437086093
                },
                {
                    "x": 246.03649809160305,
                    "y": 128.4834437086093
                }
            ]
        },
        {
            "id": "qCX5AzAGAK",
            "type": "RECTANGLE",
            "tags": [
                "FresaInmadura"
            ],
            "boundingBox": {
                "height": 48.735099337748345,
                "width": 56.45038167938931,
                "left": 145.3113072519084,
                "top": 134.02152317880794
            },
            "points": [
                {
                    "x": 145.3113072519084,
                    "y": 134.02152317880794
                },
                {
                    "x": 201.7616889312977,
                    "y": 134.02152317880794
                },
                {
                    "x": 201.7616889312977,
                    "y": 182.7566225165563
                },
                {
                    "x": 145.3113072519084,
                    "y": 182.7566225165563
                }
            ]
        },
        {
            "id": "6UczAACdwB",
            "type": "RECTANGLE",
            "tags": [
                "FresaInmadura"
            ],
            "boundingBox": {
                "height": 57.59602649006623,
                "width": 61.98473282442748,
                "left": 320.1968034351145,
                "top": 94.14735099337749
            },
            "points": [
                {
                    "x": 320.1968034351145,
                    "y": 94.14735099337749
                },
                {
                    "x": 382.181536259542,
                    "y": 94.14735099337749
                },
                {
                    "x": 382.181536259542,
                    "y": 151.7433774834437
                },
                {
                    "x": 320.1968034351145,
                    "y": 151.7433774834437
                }
            ]
        },
        {
            "id": "5wcaJY2XEL",
            "type": "RECTANGLE",
            "tags": [
                "FresaInmadura"
            ],
            "boundingBox": {
                "height": 68.67218543046361,
                "width": 68.93726145038168,
                "left": 183.74045801526717,
                "top": 255.85927152317885
            },
            "points": [
                {
                    "x": 183.74045801526717,
                    "y": 255.85927152317885
                },
                {
                    "x": 252.67771946564883,
                    "y": 255.85927152317885
                },
                {
                    "x": 252.67771946564883,
                    "y": 324.5314569536425
                },
                {
                    "x": 183.74045801526717,
                    "y": 324.5314569536425
                }
            ]
        },
        {
            "id": "LX3sxe9RwC",
            "type": "RECTANGLE",
            "tags": [
                "FresaInmadura"
            ],
            "boundingBox": {
                "height": 62.026490066225165,
                "width": 52.02290076335878,
                "left": 358.93726145038164,
                "top": 513.9337748344371
            },
            "points": [
                {
                    "x": 358.93726145038164,
                    "y": 513.9337748344371
                },
                {
                    "x": 410.96016221374043,
                    "y": 513.9337748344371
                },
                {
                    "x": 410.96016221374043,
                    "y": 575.9602649006623
                },
                {
                    "x": 358.93726145038164,
                    "y": 575.9602649006623
                }
            ]
        },
        {
            "id": "DzIvyafXjh",
            "type": "RECTANGLE",
            "tags": [
                "FresaInmadura"
            ],
            "boundingBox": {
                "height": 71.99503311258285,
                "width": 60.566555343511446,
                "left": 296.9525286259542,
                "top": 529.4403973509934
            },
            "points": [
                {
                    "x": 296.9525286259542,
                    "y": 529.4403973509934
                },
                {
                    "x": 357.5190839694656,
                    "y": 529.4403973509934
                },
                {
                    "x": 357.5190839694656,
                    "y": 601.4354304635763
                },
                {
                    "x": 296.9525286259542,
                    "y": 601.4354304635763
                }
            ]
        },
        {
            "id": "E6s86IS6SS",
            "type": "RECTANGLE",
            "tags": [
                "FresaInmadura"
            ],
            "boundingBox": {
                "height": 43.19701986754967,
                "width": 50.916030534351144,
                "left": 270.387643129771,
                "top": 585.9288079470199
            },
            "points": [
                {
                    "x": 270.387643129771,
                    "y": 585.9288079470199
                },
                {
                    "x": 321.30367366412213,
                    "y": 585.9288079470199
                },
                {
                    "x": 321.30367366412213,
                    "y": 629.1258278145696
                },
                {
                    "x": 270.387643129771,
                    "y": 629.1258278145696
                }
            ]
        },
        {
            "id": "Qs1MdYHij5",
            "type": "RECTANGLE",
            "tags": [
                "FresaInmadura"
            ],
            "boundingBox": {
                "height": 69.77980132450344,
                "width": 76.37404580152672,
                "left": 470.73115458015263,
                "top": 501.75
            },
            "points": [
                {
                    "x": 470.73115458015263,
                    "y": 501.75
                },
                {
                    "x": 547.1052003816794,
                    "y": 501.75
                },
                {
                    "x": 547.1052003816794,
                    "y": 571.5298013245034
                },
                {
                    "x": 470.73115458015263,
                    "y": 571.5298013245034
                }
            ]
        },
        {
            "id": "PeTGQJ_80D",
            "type": "RECTANGLE",
            "tags": [
                "FresaInmadura"
            ],
            "boundingBox": {
                "height": 63.134105960264904,
                "width": 65.30534351145037,
                "left": 226.11283396946564,
                "top": 525.0099337748345
            },
            "points": [
                {
                    "x": 226.11283396946564,
                    "y": 525.0099337748345
                },
                {
                    "x": 291.41817748091603,
                    "y": 525.0099337748345
                },
                {
                    "x": 291.41817748091603,
                    "y": 588.1440397350993
                },
                {
                    "x": 226.11283396946564,
                    "y": 588.1440397350993
                }
            ]
        },
        {
            "id": "fIl4nWQbps",
            "type": "RECTANGLE",
            "tags": [
                "FresaInmadura"
            ],
            "boundingBox": {
                "height": 67.56456953642385,
                "width": 60.87786259541984,
                "left": 168.5555820610687,
                "top": 507.2880794701987
            },
            "points": [
                {
                    "x": 168.5555820610687,
                    "y": 507.2880794701987
                },
                {
                    "x": 229.43344465648855,
                    "y": 507.2880794701987
                },
                {
                    "x": 229.43344465648855,
                    "y": 574.8526490066225
                },
                {
                    "x": 168.5555820610687,
                    "y": 574.8526490066225
                }
            ]
        },
        {
            "id": "3PqDdAAD9V",
            "type": "RECTANGLE",
            "tags": [
                "FresaInmadura"
            ],
            "boundingBox": {
                "height": 54.27317880794702,
                "width": 68.62595419847328,
                "left": 99.92962786259541,
                "top": 491.7814569536424
            },
            "points": [
                {
                    "x": 99.92962786259541,
                    "y": 491.7814569536424
                },
                {
                    "x": 168.5555820610687,
                    "y": 491.7814569536424
                },
                {
                    "x": 168.5555820610687,
                    "y": 546.0546357615895
                },
                {
                    "x": 99.92962786259541,
                    "y": 546.0546357615895
                }
            ]
        },
        {
            "id": "f_lAuwdFu4",
            "type": "RECTANGLE",
            "tags": [
                "FresaInmadura"
            ],
            "boundingBox": {
                "height": 71.99503311258276,
                "width": 71.94656488549619,
                "left": 98.82275763358778,
                "top": 262.50496688741725
            },
            "points": [
                {
                    "x": 98.82275763358778,
                    "y": 262.50496688741725
                },
                {
                    "x": 170.76932251908397,
                    "y": 262.50496688741725
                },
                {
                    "x": 170.76932251908397,
                    "y": 334.5
                },
                {
                    "x": 98.82275763358778,
                    "y": 334.5
                }
            ]
        },
        {
            "id": "Bntxs34R8e",
            "type": "RECTANGLE",
            "tags": [
                "FresaInmadura"
            ],
            "boundingBox": {
                "height": 74.21026490066225,
                "width": 67.83039122137404,
                "left": 86.33587786259541,
                "top": 424.21688741721863
            },
            "points": [
                {
                    "x": 86.33587786259541,
                    "y": 424.21688741721863
                },
                {
                    "x": 154.16626908396947,
                    "y": 424.21688741721863
                },
                {
                    "x": 154.16626908396947,
                    "y": 498.4271523178809
                },
                {
                    "x": 86.33587786259541,
                    "y": 498.4271523178809
                }
            ]
        },
        {
            "id": "wqCPzDI0i_",
            "type": "RECTANGLE",
            "tags": [
                "FresaInmadura"
            ],
            "boundingBox": {
                "height": 67.56456953642385,
                "width": 65.61665076335878,
                "left": 251.2595419847328,
                "top": 303.4867549668874
            },
            "points": [
                {
                    "x": 251.2595419847328,
                    "y": 303.4867549668874
                },
                {
                    "x": 316.87619274809157,
                    "y": 303.4867549668874
                },
                {
                    "x": 316.87619274809157,
                    "y": 371.05132450331126
                },
                {
                    "x": 251.2595419847328,
                    "y": 371.05132450331126
                }
            ]
        },
        {
            "id": "-pg60OUWIL",
            "type": "RECTANGLE",
            "tags": [
                "FresaInmadura"
            ],
            "boundingBox": {
                "height": 56.48841059602649,
                "width": 64.19847328244275,
                "left": 201.7616889312977,
                "top": 121.83774834437087
            },
            "points": [
                {
                    "x": 201.7616889312977,
                    "y": 121.83774834437087
                },
                {
                    "x": 265.96016221374043,
                    "y": 121.83774834437087
                },
                {
                    "x": 265.96016221374043,
                    "y": 178.32615894039736
                },
                {
                    "x": 201.7616889312977,
                    "y": 178.32615894039736
                }
            ]
        },
        {
            "id": "zIgdKjBibn",
            "type": "RECTANGLE",
            "tags": [
                "FresaInmadura"
            ],
            "boundingBox": {
                "height": 55.38079470198676,
                "width": 75.26717557251908,
                "left": 366.6853530534351,
                "top": 449.6920529801325
            },
            "points": [
                {
                    "x": 366.6853530534351,
                    "y": 449.6920529801325
                },
                {
                    "x": 441.9525286259542,
                    "y": 449.6920529801325
                },
                {
                    "x": 441.9525286259542,
                    "y": 505.07284768211923
                },
                {
                    "x": 366.6853530534351,
                    "y": 505.07284768211923
                }
            ]
        },
        {
            "id": "c2dHHVxwHK",
            "type": "RECTANGLE",
            "tags": [
                "FresaInmadura"
            ],
            "boundingBox": {
                "height": 75.31788079470199,
                "width": 65.30534351145037,
                "left": 149.73878816793894,
                "top": 409.817880794702
            },
            "points": [
                {
                    "x": 149.73878816793894,
                    "y": 409.817880794702
                },
                {
                    "x": 215.0441316793893,
                    "y": 409.817880794702
                },
                {
                    "x": 215.0441316793893,
                    "y": 485.135761589404
                },
                {
                    "x": 149.73878816793894,
                    "y": 485.135761589404
                }
            ]
        },
        {
            "id": "3iq-ywifV6",
            "type": "RECTANGLE",
            "tags": [
                "FresaInmadura"
            ],
            "boundingBox": {
                "height": 63.134105960264904,
                "width": 71.94656488549619,
                "left": 243.82275763358777,
                "top": 485.135761589404
            },
            "points": [
                {
                    "x": 243.82275763358777,
                    "y": 485.135761589404
                },
                {
                    "x": 315.76932251908397,
                    "y": 485.135761589404
                },
                {
                    "x": 315.76932251908397,
                    "y": 548.2698675496689
                },
                {
                    "x": 243.82275763358777,
                    "y": 548.2698675496689
                }
            ]
        },
        {
            "id": "vGjRPj7-Oh",
            "type": "RECTANGLE",
            "tags": [
                "FresaInmadura"
            ],
            "boundingBox": {
                "height": 62.02649006622523,
                "width": 67.51908396946561,
                "left": 259.3189408396946,
                "top": 428.64735099337753
            },
            "points": [
                {
                    "x": 259.3189408396946,
                    "y": 428.64735099337753
                },
                {
                    "x": 326.83802480916023,
                    "y": 428.64735099337753
                },
                {
                    "x": 326.83802480916023,
                    "y": 490.67384105960275
                },
                {
                    "x": 259.3189408396946,
                    "y": 490.67384105960275
                }
            ]
        },
        {
            "id": "ivJzlNfWen",
            "type": "RECTANGLE",
            "tags": [
                "FresaInmadura"
            ],
            "boundingBox": {
                "height": 65.34933774834437,
                "width": 73.05343511450381,
                "left": 160.80749045801525,
                "top": 326.74668874172187
            },
            "points": [
                {
                    "x": 160.80749045801525,
                    "y": 326.74668874172187
                },
                {
                    "x": 233.86092557251908,
                    "y": 326.74668874172187
                },
                {
                    "x": 233.86092557251908,
                    "y": 392.09602649006627
                },
                {
                    "x": 160.80749045801525,
                    "y": 392.09602649006627
                }
            ]
        },
        {
            "id": "Lnli_XZqtS",
            "type": "RECTANGLE",
            "tags": [
                "FresaInmadura"
            ],
            "boundingBox": {
                "height": 62.026490066225165,
                "width": 52.02290076335878,
                "left": 203.97542938931298,
                "top": 394.3112582781457
            },
            "points": [
                {
                    "x": 203.97542938931298,
                    "y": 394.3112582781457
                },
                {
                    "x": 255.99833015267174,
                    "y": 394.3112582781457
                },
                {
                    "x": 255.99833015267174,
                    "y": 456.3377483443709
                },
                {
                    "x": 203.97542938931298,
                    "y": 456.3377483443709
                }
            ]
        },
        {
            "id": "S7msMDUnS9",
            "type": "RECTANGLE",
            "tags": [
                "FresaInmadura"
            ],
            "boundingBox": {
                "height": 66.45695364238411,
                "width": 55.343511450381676,
                "left": 184.05176526717557,
                "top": 470.7367549668874
            },
            "points": [
                {
                    "x": 184.05176526717557,
                    "y": 470.7367549668874
                },
                {
                    "x": 239.39527671755724,
                    "y": 470.7367549668874
                },
                {
                    "x": 239.39527671755724,
                    "y": 537.1937086092715
                },
                {
                    "x": 184.05176526717557,
                    "y": 537.1937086092715
                }
            ]
        },
        {
            "id": "9dUWRtPZ8z",
            "type": "RECTANGLE",
            "tags": [
                "FresaInmadura"
            ],
            "boundingBox": {
                "height": 75.31788079470199,
                "width": 86.02457061068705,
                "left": 265.96016221374043,
                "top": 223.73841059602657
            },
            "points": [
                {
                    "x": 265.96016221374043,
                    "y": 223.73841059602657
                },
                {
                    "x": 351.98473282442745,
                    "y": 223.73841059602657
                },
                {
                    "x": 351.98473282442745,
                    "y": 299.0562913907286
                },
                {
                    "x": 265.96016221374043,
                    "y": 299.0562913907286
                }
            ]
        },
        {
            "id": "lWPF2xrlDf",
            "type": "RECTANGLE",
            "tags": [
                "FresaInmadura"
            ],
            "boundingBox": {
                "height": 64.24172185430464,
                "width": 64.19847328244275,
                "left": 203.97542938931298,
                "top": 204.908940397351
            },
            "points": [
                {
                    "x": 203.97542938931298,
                    "y": 204.908940397351
                },
                {
                    "x": 268.17390267175574,
                    "y": 204.908940397351
                },
                {
                    "x": 268.17390267175574,
                    "y": 269.15066225165566
                },
                {
                    "x": 203.97542938931298,
                    "y": 269.15066225165566
                }
            ]
        },
        {
            "id": "cbmcApRigW",
            "type": "RECTANGLE",
            "tags": [
                "FresaInmadura"
            ],
            "boundingBox": {
                "height": 66.45695364238411,
                "width": 83.01526717557252,
                "left": 141.9906965648855,
                "top": 179.4337748344371
            },
            "points": [
                {
                    "x": 141.9906965648855,
                    "y": 179.4337748344371
                },
                {
                    "x": 225.00596374045801,
                    "y": 179.4337748344371
                },
                {
                    "x": 225.00596374045801,
                    "y": 245.8907284768212
                },
                {
                    "x": 141.9906965648855,
                    "y": 245.8907284768212
                }
            ]
        },
        {
            "id": "WSSb-zphII",
            "type": "RECTANGLE",
            "tags": [
                "FresaInmadura"
            ],
            "boundingBox": {
                "height": 64.24172185430464,
                "width": 71.94656488549619,
                "left": 278.1357347328244,
                "top": 141.7748344370861
            },
            "points": [
                {
                    "x": 278.1357347328244,
                    "y": 141.7748344370861
                },
                {
                    "x": 350.0822996183206,
                    "y": 141.7748344370861
                },
                {
                    "x": 350.0822996183206,
                    "y": 206.01655629139074
                },
                {
                    "x": 278.1357347328244,
                    "y": 206.01655629139074
                }
            ]
        },
        {
            "id": "pGETa7c78Y",
            "type": "RECTANGLE",
            "tags": [
                "FresaInmadura"
            ],
            "boundingBox": {
                "height": 60.91887417218543,
                "width": 64.19847328244275,
                "left": 243.82275763358777,
                "top": 356.6523178807947
            },
            "points": [
                {
                    "x": 243.82275763358777,
                    "y": 356.6523178807947
                },
                {
                    "x": 308.0212309160305,
                    "y": 356.6523178807947
                },
                {
                    "x": 308.0212309160305,
                    "y": 417.57119205298017
                },
                {
                    "x": 243.82275763358777,
                    "y": 417.57119205298017
                }
            ]
        },
        {
            "id": "oSaQA1jx_9",
            "type": "RECTANGLE",
            "tags": [
                "FresaInmadura"
            ],
            "boundingBox": {
                "height": 47.62748344370861,
                "width": 36.8380248091603,
                "left": 353.0916030534351,
                "top": 156.1738410596027
            },
            "points": [
                {
                    "x": 353.0916030534351,
                    "y": 156.1738410596027
                },
                {
                    "x": 389.9296278625954,
                    "y": 156.1738410596027
                },
                {
                    "x": 389.9296278625954,
                    "y": 203.8013245033113
                },
                {
                    "x": 353.0916030534351,
                    "y": 203.8013245033113
                }
            ]
        },
        {
            "id": "9ou-QxlSsQ",
            "type": "RECTANGLE",
            "tags": [
                "FresaInmadura"
            ],
            "boundingBox": {
                "height": 43.19701986754967,
                "width": 48.70229007633588,
                "left": 122.06703244274809,
                "top": 327.8543046357616
            },
            "points": [
                {
                    "x": 122.06703244274809,
                    "y": 327.8543046357616
                },
                {
                    "x": 170.76932251908397,
                    "y": 327.8543046357616
                },
                {
                    "x": 170.76932251908397,
                    "y": 371.05132450331126
                },
                {
                    "x": 122.06703244274809,
                    "y": 371.05132450331126
                }
            ]
        },
        {
            "id": "jBwYJWKmEI",
            "type": "RECTANGLE",
            "tags": [
                "FresaInmadura"
            ],
            "boundingBox": {
                "height": 54.27317880794702,
                "width": 62.78029580152675,
                "left": 262.6395515267175,
                "top": 181.64900662251657
            },
            "points": [
                {
                    "x": 262.6395515267175,
                    "y": 181.64900662251657
                },
                {
                    "x": 325.41984732824426,
                    "y": 181.64900662251657
                },
                {
                    "x": 325.41984732824426,
                    "y": 235.9221854304636
                },
                {
                    "x": 262.6395515267175,
                    "y": 235.9221854304636
                }
            ]
        },
        {
            "id": "qpecH77I9h",
            "type": "RECTANGLE",
            "tags": [
                "FresaInmadura"
            ],
            "boundingBox": {
                "height": 86.39403973509934,
                "width": 63.091603053435115,
                "left": 329.05176526717554,
                "top": 262.50496688741725
            },
            "points": [
                {
                    "x": 329.05176526717554,
                    "y": 262.50496688741725
                },
                {
                    "x": 392.14336832061065,
                    "y": 262.50496688741725
                },
                {
                    "x": 392.14336832061065,
                    "y": 348.8990066225166
                },
                {
                    "x": 329.05176526717554,
                    "y": 348.8990066225166
                }
            ]
        },
        {
            "id": "egxcXr_cXH",
            "type": "RECTANGLE",
            "tags": [
                "FresaInmadura"
            ],
            "boundingBox": {
                "height": 70.88741721854305,
                "width": 83.3265744274809,
                "left": 442.7480916030534,
                "top": 396.52649006622516
            },
            "points": [
                {
                    "x": 442.7480916030534,
                    "y": 396.52649006622516
                },
                {
                    "x": 526.0746660305343,
                    "y": 396.52649006622516
                },
                {
                    "x": 526.0746660305343,
                    "y": 467.41390728476824
                },
                {
                    "x": 442.7480916030534,
                    "y": 467.41390728476824
                }
            ]
        },
        {
            "id": "aVzGEjT2eq",
            "type": "RECTANGLE",
            "tags": [
                "FresaMadura"
            ],
            "boundingBox": {
                "height": 42.08940397350994,
                "width": 40.64289122137404,
                "left": 347.8685591603053,
                "top": 573.745033112583
            },
            "points": [
                {
                    "x": 347.8685591603053,
                    "y": 573.745033112583
                },
                {
                    "x": 388.51145038167937,
                    "y": 573.745033112583
                },
                {
                    "x": 388.51145038167937,
                    "y": 615.8344370860929
                },
                {
                    "x": 347.8685591603053,
                    "y": 615.8344370860929
                }
            ]
        },
        {
            "id": "H6bBjivFwN",
            "type": "RECTANGLE",
            "tags": [
                "FresaInmadura"
            ],
            "boundingBox": {
                "height": 59.8112582781457,
                "width": 55.03220419847328,
                "left": 372.21970419847327,
                "top": 341.1456953642384
            },
            "points": [
                {
                    "x": 372.21970419847327,
                    "y": 341.1456953642384
                },
                {
                    "x": 427.25190839694653,
                    "y": 341.1456953642384
                },
                {
                    "x": 427.25190839694653,
                    "y": 400.9569536423841
                },
                {
                    "x": 372.21970419847327,
                    "y": 400.9569536423841
                }
            ]
        },
        {
            "id": "exAyDJk0qi",
            "type": "RECTANGLE",
            "tags": [
                "FresaInmadura"
            ],
            "boundingBox": {
                "height": 48.735099337748345,
                "width": 45.692986641221374,
                "left": 142.78625954198472,
                "top": 243.67549668874173
            },
            "points": [
                {
                    "x": 142.78625954198472,
                    "y": 243.67549668874173
                },
                {
                    "x": 188.4792461832061,
                    "y": 243.67549668874173
                },
                {
                    "x": 188.4792461832061,
                    "y": 292.41059602649005
                },
                {
                    "x": 142.78625954198472,
                    "y": 292.41059602649005
                }
            ]
        },
        {
            "id": "CVq2GeiXiv",
            "type": "RECTANGLE",
            "tags": [
                "FresaInmadura"
            ],
            "boundingBox": {
                "height": 32.120860927152286,
                "width": 47.595419847328245,
                "left": 98.51145038167938,
                "top": 237.0298013245034
            },
            "points": [
                {
                    "x": 98.51145038167938,
                    "y": 237.0298013245034
                },
                {
                    "x": 146.10687022900763,
                    "y": 237.0298013245034
                },
                {
                    "x": 146.10687022900763,
                    "y": 269.15066225165566
                },
                {
                    "x": 98.51145038167938,
                    "y": 269.15066225165566
                }
            ]
        },
        {
            "id": "IiQfU-7RAj",
            "type": "RECTANGLE",
            "tags": [
                "FresaInmadura"
            ],
            "boundingBox": {
                "height": 59.8112582781457,
                "width": 74.16030534351145,
                "left": 143.09756679389312,
                "top": 377.69701986754967
            },
            "points": [
                {
                    "x": 143.09756679389312,
                    "y": 377.69701986754967
                },
                {
                    "x": 217.25787213740458,
                    "y": 377.69701986754967
                },
                {
                    "x": 217.25787213740458,
                    "y": 437.5082781456954
                },
                {
                    "x": 143.09756679389312,
                    "y": 437.5082781456954
                }
            ]
        },
        {
            "id": "Ufllwk_1pM",
            "type": "RECTANGLE",
            "tags": [
                "FresaInmadura"
            ],
            "boundingBox": {
                "height": 40.9817880794702,
                "width": 42.06106870229007,
                "left": 93.28840648854961,
                "top": 358.8675496688742
            },
            "points": [
                {
                    "x": 93.28840648854961,
                    "y": 358.8675496688742
                },
                {
                    "x": 135.34947519083968,
                    "y": 358.8675496688742
                },
                {
                    "x": 135.34947519083968,
                    "y": 399.8493377483444
                },
                {
                    "x": 93.28840648854961,
                    "y": 399.8493377483444
                }
            ]
        },
        {
            "id": "GBNGLtrwa1",
            "type": "RECTANGLE",
            "tags": [
                "FresaInmadura"
            ],
            "boundingBox": {
                "height": 46.519867549668874,
                "width": 42.372375954198475,
                "left": 75.26717557251908,
                "top": 301.27152317880797
            },
            "points": [
                {
                    "x": 75.26717557251908,
                    "y": 301.27152317880797
                },
                {
                    "x": 117.63955152671755,
                    "y": 301.27152317880797
                },
                {
                    "x": 117.63955152671755,
                    "y": 347.7913907284768
                },
                {
                    "x": 75.26717557251908,
                    "y": 347.7913907284768
                }
            ]
        },
        {
            "id": "jNXIJlBcuz",
            "type": "RECTANGLE",
            "tags": [
                "FresaMadura"
            ],
            "boundingBox": {
                "height": 84.17880794701989,
                "width": 79.69465648854961,
                "left": 528.2884064885495,
                "top": 122.9453642384106
            },
            "points": [
                {
                    "x": 528.2884064885495,
                    "y": 122.9453642384106
                },
                {
                    "x": 607.9830629770992,
                    "y": 122.9453642384106
                },
                {
                    "x": 607.9830629770992,
                    "y": 207.1241721854305
                },
                {
                    "x": 528.2884064885495,
                    "y": 207.1241721854305
                }
            ]
        },
        {
            "id": "K2LUKl_vDl",
            "type": "RECTANGLE",
            "tags": [
                "FresaMadura"
            ],
            "boundingBox": {
                "height": 67.56456953642385,
                "width": 67.51908396946564,
                "left": 384.39527671755724,
                "top": 137.34437086092717
            },
            "points": [
                {
                    "x": 384.39527671755724,
                    "y": 137.34437086092717
                },
                {
                    "x": 451.9143606870229,
                    "y": 137.34437086092717
                },
                {
                    "x": 451.9143606870229,
                    "y": 204.908940397351
                },
                {
                    "x": 384.39527671755724,
                    "y": 204.908940397351
                }
            ]
        },
        {
            "id": "ktv92BdDGI",
            "type": "RECTANGLE",
            "tags": [
                "FresaInmadura"
            ],
            "boundingBox": {
                "height": 81.9635761589404,
                "width": 68.62595419847328,
                "left": 315.76932251908397,
                "top": 366.6208609271523
            },
            "points": [
                {
                    "x": 315.76932251908397,
                    "y": 366.6208609271523
                },
                {
                    "x": 384.39527671755724,
                    "y": 366.6208609271523
                },
                {
                    "x": 384.39527671755724,
                    "y": 448.58443708609275
                },
                {
                    "x": 315.76932251908397,
                    "y": 448.58443708609275
                }
            ]
        },
        {
            "id": "EwARw4aCXu",
            "type": "RECTANGLE",
            "tags": [
                "FresaInmadura"
            ],
            "boundingBox": {
                "height": 71.99503311258276,
                "width": 73.05343511450381,
                "left": 589.1662690839695,
                "top": 269.15066225165566
            },
            "points": [
                {
                    "x": 589.1662690839695,
                    "y": 269.15066225165566
                },
                {
                    "x": 662.2197041984732,
                    "y": 269.15066225165566
                },
                {
                    "x": 662.2197041984732,
                    "y": 341.1456953642384
                },
                {
                    "x": 589.1662690839695,
                    "y": 341.1456953642384
                }
            ]
        },
        {
            "id": "pb1AZuJHQF",
            "type": "RECTANGLE",
            "tags": [
                "FresaInmadura"
            ],
            "boundingBox": {
                "height": 70.88741721854302,
                "width": 71.63525763358778,
                "left": 457.44871183206106,
                "top": 252.53642384105964
            },
            "points": [
                {
                    "x": 457.44871183206106,
                    "y": 252.53642384105964
                },
                {
                    "x": 529.0839694656488,
                    "y": 252.53642384105964
                },
                {
                    "x": 529.0839694656488,
                    "y": 323.42384105960264
                },
                {
                    "x": 457.44871183206106,
                    "y": 323.42384105960264
                }
            ]
        },
        {
            "id": "8kK6B_5xAE",
            "type": "RECTANGLE",
            "tags": [
                "FresaInmadura"
            ],
            "boundingBox": {
                "height": 83.07119205298014,
                "width": 84.12213740458014,
                "left": 544.8914599236641,
                "top": 183.86423841059607
            },
            "points": [
                {
                    "x": 544.8914599236641,
                    "y": 183.86423841059607
                },
                {
                    "x": 629.0135973282443,
                    "y": 183.86423841059607
                },
                {
                    "x": 629.0135973282443,
                    "y": 266.93543046357615
                },
                {
                    "x": 544.8914599236641,
                    "y": 266.93543046357615
                }
            ]
        },
        {
            "id": "yYMFwOSVny",
            "type": "RECTANGLE",
            "tags": [
                "FresaInmadura"
            ],
            "boundingBox": {
                "height": 60.91887417218543,
                "width": 60.87786259541984,
                "left": 399.8914599236641,
                "top": 255.85927152317882
            },
            "points": [
                {
                    "x": 399.8914599236641,
                    "y": 255.85927152317882
                },
                {
                    "x": 460.76932251908397,
                    "y": 255.85927152317882
                },
                {
                    "x": 460.76932251908397,
                    "y": 316.77814569536423
                },
                {
                    "x": 399.8914599236641,
                    "y": 316.77814569536423
                }
            ]
        },
        {
            "id": "PdsLpK2S4z",
            "type": "RECTANGLE",
            "tags": [
                "FresaInmadura"
            ],
            "boundingBox": {
                "height": 73.10264900662251,
                "width": 87.44274809160305,
                "left": 414.28077290076334,
                "top": 99.68543046357617
            },
            "points": [
                {
                    "x": 414.28077290076334,
                    "y": 99.68543046357617
                },
                {
                    "x": 501.7235209923664,
                    "y": 99.68543046357617
                },
                {
                    "x": 501.7235209923664,
                    "y": 172.78807947019868
                },
                {
                    "x": 414.28077290076334,
                    "y": 172.78807947019868
                }
            ]
        },
        {
            "id": "K_big6l6Bp",
            "type": "RECTANGLE",
            "tags": [
                "FresaMadura"
            ],
            "boundingBox": {
                "height": 52.057947019867555,
                "width": 60.87786259541984,
                "left": 529.3952767175572,
                "top": 84.17880794701988
            },
            "points": [
                {
                    "x": 529.3952767175572,
                    "y": 84.17880794701988
                },
                {
                    "x": 590.273139312977,
                    "y": 84.17880794701988
                },
                {
                    "x": 590.273139312977,
                    "y": 136.23675496688742
                },
                {
                    "x": 529.3952767175572,
                    "y": 136.23675496688742
                }
            ]
        },
        {
            "id": "1Kl6W82q16",
            "type": "RECTANGLE",
            "tags": [
                "FresaMadura"
            ],
            "boundingBox": {
                "height": 53.16556291390729,
                "width": 55.343511450381676,
                "left": 571.4563454198473,
                "top": 357.75993377483445
            },
            "points": [
                {
                    "x": 571.4563454198473,
                    "y": 357.75993377483445
                },
                {
                    "x": 626.799856870229,
                    "y": 357.75993377483445
                },
                {
                    "x": 626.799856870229,
                    "y": 410.92549668874176
                },
                {
                    "x": 571.4563454198473,
                    "y": 410.92549668874176
                }
            ]
        },
        {
            "id": "eSoOSisAEW",
            "type": "RECTANGLE",
            "tags": [
                "FresaInmadura"
            ],
            "boundingBox": {
                "height": 60.91887417218543,
                "width": 70.83969465648855,
                "left": 430.88382633587787,
                "top": 332.28476821192055
            },
            "points": [
                {
                    "x": 430.88382633587787,
                    "y": 332.28476821192055
                },
                {
                    "x": 501.7235209923664,
                    "y": 332.28476821192055
                },
                {
                    "x": 501.7235209923664,
                    "y": 393.203642384106
                },
                {
                    "x": 430.88382633587787,
                    "y": 393.203642384106
                }
            ]
        },
        {
            "id": "JQQ6LK8o3A",
            "type": "RECTANGLE",
            "tags": [
                "FresaInmadura"
            ],
            "boundingBox": {
                "height": 64.24172185430464,
                "width": 50.916030534351144,
                "left": 413.1739026717557,
                "top": 191.61754966887418
            },
            "points": [
                {
                    "x": 413.1739026717557,
                    "y": 191.61754966887418
                },
                {
                    "x": 464.0899332061069,
                    "y": 191.61754966887418
                },
                {
                    "x": 464.0899332061069,
                    "y": 255.85927152317882
                },
                {
                    "x": 413.1739026717557,
                    "y": 255.85927152317882
                }
            ]
        },
        {
            "id": "s2-EAJpxcG",
            "type": "RECTANGLE",
            "tags": [
                "FresaInmadura"
            ],
            "boundingBox": {
                "height": 59.8112582781457,
                "width": 69.7328244274809,
                "left": 358.93726145038164,
                "top": 211.55463576158942
            },
            "points": [
                {
                    "x": 358.93726145038164,
                    "y": 211.55463576158942
                },
                {
                    "x": 428.67008587786256,
                    "y": 211.55463576158942
                },
                {
                    "x": 428.67008587786256,
                    "y": 271.3658940397351
                },
                {
                    "x": 358.93726145038164,
                    "y": 271.3658940397351
                }
            ]
        },
        {
            "id": "PrDDD5KnAq",
            "type": "RECTANGLE",
            "tags": [
                "FresaMadura"
            ],
            "boundingBox": {
                "height": 59.8112582781457,
                "width": 61.189169847328245,
                "left": 413.96946564885496,
                "top": 489.5662251655629
            },
            "points": [
                {
                    "x": 413.96946564885496,
                    "y": 489.5662251655629
                },
                {
                    "x": 475.1586354961832,
                    "y": 489.5662251655629
                },
                {
                    "x": 475.1586354961832,
                    "y": 549.3774834437087
                },
                {
                    "x": 413.96946564885496,
                    "y": 549.3774834437087
                }
            ]
        },
        {
            "id": "5jjLwL6yVb",
            "type": "RECTANGLE",
            "tags": [
                "FresaMadura"
            ],
            "boundingBox": {
                "height": 53.16556291390729,
                "width": 58.664122137404576,
                "left": 474.05176526717554,
                "top": 197.15562913907286
            },
            "points": [
                {
                    "x": 474.05176526717554,
                    "y": 197.15562913907286
                },
                {
                    "x": 532.7158874045801,
                    "y": 197.15562913907286
                },
                {
                    "x": 532.7158874045801,
                    "y": 250.32119205298014
                },
                {
                    "x": 474.05176526717554,
                    "y": 250.32119205298014
                }
            ]
        },
        {
            "id": "xP16inkczP",
            "type": "RECTANGLE",
            "tags": [
                "FresaInmadura"
            ],
            "boundingBox": {
                "height": 56.48841059602649,
                "width": 59.77099236641221,
                "left": 363.3647423664122,
                "top": 414.24834437086093
            },
            "points": [
                {
                    "x": 363.3647423664122,
                    "y": 414.24834437086093
                },
                {
                    "x": 423.1357347328244,
                    "y": 414.24834437086093
                },
                {
                    "x": 423.1357347328244,
                    "y": 470.7367549668874
                },
                {
                    "x": 363.3647423664122,
                    "y": 470.7367549668874
                }
            ]
        },
        {
            "id": "LVg3aZTYM5",
            "type": "RECTANGLE",
            "tags": [
                "FresaMadura"
            ],
            "boundingBox": {
                "height": 73.10264900662251,
                "width": 55.343511450381676,
                "left": 468.5174141221374,
                "top": 126.26821192052981
            },
            "points": [
                {
                    "x": 468.5174141221374,
                    "y": 126.26821192052981
                },
                {
                    "x": 523.860925572519,
                    "y": 126.26821192052981
                },
                {
                    "x": 523.860925572519,
                    "y": 199.37086092715234
                },
                {
                    "x": 468.5174141221374,
                    "y": 199.37086092715234
                }
            ]
        },
        {
            "id": "cppidcKCP7",
            "type": "RECTANGLE",
            "tags": [
                "FresaMadura"
            ],
            "boundingBox": {
                "height": 54.27317880794702,
                "width": 53.12977099236641,
                "left": 529.3952767175572,
                "top": 260.28973509933775
            },
            "points": [
                {
                    "x": 529.3952767175572,
                    "y": 260.28973509933775
                },
                {
                    "x": 582.5250477099237,
                    "y": 260.28973509933775
                },
                {
                    "x": 582.5250477099237,
                    "y": 314.5629139072848
                },
                {
                    "x": 529.3952767175572,
                    "y": 314.5629139072848
                }
            ]
        },
        {
            "id": "_y5R3YXThx",
            "type": "RECTANGLE",
            "tags": [
                "FresaMadura"
            ],
            "boundingBox": {
                "height": 70.88741721854305,
                "width": 58.664122137404576,
                "left": 500.61665076335873,
                "top": 356.6523178807947
            },
            "points": [
                {
                    "x": 500.61665076335873,
                    "y": 356.6523178807947
                },
                {
                    "x": 559.2807729007633,
                    "y": 356.6523178807947
                },
                {
                    "x": 559.2807729007633,
                    "y": 427.53973509933775
                },
                {
                    "x": 500.61665076335873,
                    "y": 427.53973509933775
                }
            ]
        },
        {
            "id": "U666UtIvwZ",
            "type": "RECTANGLE",
            "tags": [
                "FresaMadura"
            ],
            "boundingBox": {
                "height": 60.91887417218537,
                "width": 83.01526717557252,
                "left": 440.84565839694653,
                "top": 447.4768211920531
            },
            "points": [
                {
                    "x": 440.84565839694653,
                    "y": 447.4768211920531
                },
                {
                    "x": 523.860925572519,
                    "y": 447.4768211920531
                },
                {
                    "x": 523.860925572519,
                    "y": 508.3956953642384
                },
                {
                    "x": 440.84565839694653,
                    "y": 508.3956953642384
                }
            ]
        },
        {
            "id": "7DIFLlDf_L",
            "type": "RECTANGLE",
            "tags": [
                "FresaInmadura"
            ],
            "boundingBox": {
                "height": 46.519867549668874,
                "width": 57.55725190839694,
                "left": 547.1052003816794,
                "top": 318.99337748344374
            },
            "points": [
                {
                    "x": 547.1052003816794,
                    "y": 318.99337748344374
                },
                {
                    "x": 604.6624522900763,
                    "y": 318.99337748344374
                },
                {
                    "x": 604.6624522900763,
                    "y": 365.5132450331126
                },
                {
                    "x": 547.1052003816794,
                    "y": 365.5132450331126
                }
            ]
        },
        {
            "id": "JBTsJliX_K",
            "type": "RECTANGLE",
            "tags": [
                "FresaInmadura"
            ],
            "boundingBox": {
                "height": 46.519867549668874,
                "width": 39.847328244274806,
                "left": 511.6853530534351,
                "top": 304.59437086092714
            },
            "points": [
                {
                    "x": 511.6853530534351,
                    "y": 304.59437086092714
                },
                {
                    "x": 551.5326812977099,
                    "y": 304.59437086092714
                },
                {
                    "x": 551.5326812977099,
                    "y": 351.11423841059604
                },
                {
                    "x": 511.6853530534351,
                    "y": 351.11423841059604
                }
            ]
        }
    ],
    "version": "2.2.0"
}