{
    "asset": {
        "format": "jpg",
        "id": "5982cf62b5b41dd75b1723e6cae4ff2e",
        "name": "36.jpg",
        "path": "file:C:/Users/RSSpe/Desktop/strawberry-dataset/36.jpg",
        "size": {
            "width": 1632,
            "height": 1088
        },
        "state": 2,
        "type": 1
    },
    "regions": [
        {
            "id": "mFxPI0v-Zb",
            "type": "RECTANGLE",
            "tags": [
                "FresaInmadura"
            ],
            "boundingBox": {
                "height": 318.8006814310051,
                "width": 290.83314415437,
                "left": 313.0624290578888,
                "top": 19.78023850085179
            },
            "points": [
                {
                    "x": 313.0624290578888,
                    "y": 19.78023850085179
                },
                {
                    "x": 603.8955732122588,
                    "y": 19.78023850085179
                },
                {
                    "x": 603.8955732122588,
                    "y": 338.5809199318569
                },
                {
                    "x": 313.0624290578888,
                    "y": 338.5809199318569
                }
            ]
        },
        {
            "id": "Viz2kOaEvj",
            "type": "RECTANGLE",
            "tags": [
                "FresaInmadura"
            ],
            "boundingBox": {
                "height": 355.870528109029,
                "width": 385.3076049943246,
                "left": 550.1748013620885,
                "top": 173.62010221465079
            },
            "points": [
                {
                    "x": 550.1748013620885,
                    "y": 173.62010221465079
                },
                {
                    "x": 935.4824063564131,
                    "y": 173.62010221465079
                },
                {
                    "x": 935.4824063564131,
                    "y": 529.4906303236797
                },
                {
                    "x": 550.1748013620885,
                    "y": 529.4906303236797
                }
            ]
        },
        {
            "id": "ZTXxn3-taw",
            "type": "RECTANGLE",
            "tags": [
                "FresaMadura"
            ],
            "boundingBox": {
                "height": 612.2606473594552,
                "width": 570.5516458569803,
                "left": 870.6469920544835,
                "top": 407.1601362862011
            },
            "points": [
                {
                    "x": 870.6469920544835,
                    "y": 407.1601362862011
                },
                {
                    "x": 1441.1986379114637,
                    "y": 407.1601362862011
                },
                {
                    "x": 1441.1986379114637,
                    "y": 1019.4207836456563
                },
                {
                    "x": 870.6469920544835,
                    "y": 1019.4207836456563
                }
            ]
        }
    ],
    "version": "2.2.0"
}