{
    "asset": {
        "format": "jpg",
        "id": "59b9340924f60cf08332298cd287559b",
        "name": "38.jpg",
        "path": "file:C:/Users/RSSpe/Desktop/strawberry-dataset/38.jpg",
        "size": {
            "width": 492,
            "height": 293
        },
        "state": 2,
        "type": 1
    },
    "regions": [
        {
            "id": "LmoQvawini",
            "type": "RECTANGLE",
            "tags": [
                "FresaMadura"
            ],
            "boundingBox": {
                "height": 163.52190476190475,
                "width": 130.12031782065833,
                "left": 54.17026106696935,
                "top": 109.57851190476191
            },
            "points": [
                {
                    "x": 54.17026106696935,
                    "y": 109.57851190476191
                },
                {
                    "x": 184.2905788876277,
                    "y": 109.57851190476191
                },
                {
                    "x": 184.2905788876277,
                    "y": 273.10041666666666
                },
                {
                    "x": 54.17026106696935,
                    "y": 273.10041666666666
                }
            ]
        },
        {
            "id": "-slla6mOed",
            "type": "RECTANGLE",
            "tags": [
                "FresaMadura"
            ],
            "boundingBox": {
                "height": 125.57142857142857,
                "width": 123.41884222474461,
                "left": 328.93076049943244,
                "top": 104.55565476190476
            },
            "points": [
                {
                    "x": 328.93076049943244,
                    "y": 104.55565476190476
                },
                {
                    "x": 452.34960272417703,
                    "y": 104.55565476190476
                },
                {
                    "x": 452.34960272417703,
                    "y": 230.12708333333333
                },
                {
                    "x": 328.93076049943244,
                    "y": 230.12708333333333
                }
            ]
        },
        {
            "id": "ayCPu7FeqT",
            "type": "RECTANGLE",
            "tags": [
                "FresaMadura"
            ],
            "boundingBox": {
                "height": 128.36190476190475,
                "width": 93.82065834279229,
                "left": 244.04540295119182,
                "top": 117.39184523809524
            },
            "points": [
                {
                    "x": 244.04540295119182,
                    "y": 117.39184523809524
                },
                {
                    "x": 337.8660612939841,
                    "y": 117.39184523809524
                },
                {
                    "x": 337.8660612939841,
                    "y": 245.75375
                },
                {
                    "x": 244.04540295119182,
                    "y": 245.75375
                }
            ]
        },
        {
            "id": "X1syjGfyqN",
            "type": "RECTANGLE",
            "tags": [
                "FresaMadura"
            ],
            "boundingBox": {
                "height": 160.73142857142858,
                "width": 86.00227014755966,
                "left": 166.97843359818387,
                "top": 123.89714285714285
            },
            "points": [
                {
                    "x": 166.97843359818387,
                    "y": 123.89714285714285
                },
                {
                    "x": 252.98070374574354,
                    "y": 123.89714285714285
                },
                {
                    "x": 252.98070374574354,
                    "y": 284.62857142857143
                },
                {
                    "x": 166.97843359818387,
                    "y": 284.62857142857143
                }
            ]
        }
    ],
    "version": "2.2.0"
}