{
    "asset": {
        "format": "jpg",
        "id": "6277437c1bbdf0b6308f0bd31c7f6534",
        "name": "44.jpg",
        "path": "file:C:/Users/RSSpe/Desktop/strawberry-dataset/44.jpg",
        "size": {
            "width": 1919,
            "height": 1080
        },
        "state": 2,
        "type": 1
    },
    "regions": [
        {
            "id": "xqOC4oM5EI",
            "type": "RECTANGLE",
            "tags": [
                "FresaMadura"
            ],
            "boundingBox": {
                "height": 245.15337423312886,
                "width": 229.92626728110596,
                "left": 944.024193548387,
                "top": 400.3412576687117
            },
            "points": [
                {
                    "x": 944.024193548387,
                    "y": 400.3412576687117
                },
                {
                    "x": 1173.950460829493,
                    "y": 400.3412576687117
                },
                {
                    "x": 1173.950460829493,
                    "y": 645.4946319018405
                },
                {
                    "x": 944.024193548387,
                    "y": 645.4946319018405
                }
            ]
        },
        {
            "id": "1FvUIcRwr-",
            "type": "RECTANGLE",
            "tags": [
                "FresaMadura"
            ],
            "boundingBox": {
                "height": 245.15337423312886,
                "width": 243.19124423963132,
                "left": 1032.4573732718893,
                "top": 656.5375766871166
            },
            "points": [
                {
                    "x": 1032.4573732718893,
                    "y": 656.5375766871166
                },
                {
                    "x": 1275.6486175115206,
                    "y": 656.5375766871166
                },
                {
                    "x": 1275.6486175115206,
                    "y": 901.6909509202454
                },
                {
                    "x": 1032.4573732718893,
                    "y": 901.6909509202454
                }
            ]
        },
        {
            "id": "xQWhavAT5F",
            "type": "RECTANGLE",
            "tags": [
                "FresaInmadura"
            ],
            "boundingBox": {
                "height": 181.1042944785276,
                "width": 174.65552995391704,
                "left": 1162.8963133640552,
                "top": 473.2246932515338
            },
            "points": [
                {
                    "x": 1162.8963133640552,
                    "y": 473.2246932515338
                },
                {
                    "x": 1337.5518433179723,
                    "y": 473.2246932515338
                },
                {
                    "x": 1337.5518433179723,
                    "y": 654.3289877300614
                },
                {
                    "x": 1162.8963133640552,
                    "y": 654.3289877300614
                }
            ]
        }
    ],
    "version": "2.2.0"
}