{
    "asset": {
        "format": "jpg",
        "id": "66434efe7088a717a1271889ff7fd441",
        "name": "27.jpg",
        "path": "file:C:/Users/RSSpe/Desktop/strawberry-dataset/27.jpg",
        "size": {
            "width": 960,
            "height": 391
        },
        "state": 2,
        "type": 1
    },
    "regions": [
        {
            "id": "UU7IkQs5vj",
            "type": "RECTANGLE",
            "tags": [
                "FresaMadura"
            ],
            "boundingBox": {
                "height": 240.7853107344633,
                "width": 217.88018433179727,
                "left": 35.39170506912443,
                "top": 81.47559145480227
            },
            "points": [
                {
                    "x": 35.39170506912443,
                    "y": 81.47559145480227
                },
                {
                    "x": 253.27188940092168,
                    "y": 81.47559145480227
                },
                {
                    "x": 253.27188940092168,
                    "y": 322.26090218926555
                },
                {
                    "x": 35.39170506912443,
                    "y": 322.26090218926555
                }
            ]
        },
        {
            "id": "BNWPZa3Z4O",
            "type": "RECTANGLE",
            "tags": [
                "FresaInmadura"
            ],
            "boundingBox": {
                "height": 91.67514124293785,
                "width": 87.37327188940093,
                "left": 871.5207373271891,
                "top": 254.8851959745763
            },
            "points": [
                {
                    "x": 871.5207373271891,
                    "y": 254.8851959745763
                },
                {
                    "x": 958.8940092165899,
                    "y": 254.8851959745763
                },
                {
                    "x": 958.8940092165899,
                    "y": 346.56033721751413
                },
                {
                    "x": 871.5207373271891,
                    "y": 346.56033721751413
                }
            ]
        },
        {
            "id": "8svOFAPlxp",
            "type": "RECTANGLE",
            "tags": [
                "FresaInmadura"
            ],
            "boundingBox": {
                "height": 119.28813559322035,
                "width": 121.65898617511522,
                "left": 759.8156682027651,
                "top": 176.46429201977404
            },
            "points": [
                {
                    "x": 759.8156682027651,
                    "y": 176.46429201977404
                },
                {
                    "x": 881.4746543778803,
                    "y": 176.46429201977404
                },
                {
                    "x": 881.4746543778803,
                    "y": 295.7524276129944
                },
                {
                    "x": 759.8156682027651,
                    "y": 295.7524276129944
                }
            ]
        },
        {
            "id": "FXfaENiHsd",
            "type": "RECTANGLE",
            "tags": [
                "FresaInmadura"
            ],
            "boundingBox": {
                "height": 157.1006797316384,
                "width": 140.46082949308757,
                "left": 627.0967741935484,
                "top": 88.10271009887016
            },
            "points": [
                {
                    "x": 627.0967741935484,
                    "y": 88.10271009887016
                },
                {
                    "x": 767.557603686636,
                    "y": 88.10271009887016
                },
                {
                    "x": 767.557603686636,
                    "y": 245.20338983050857
                },
                {
                    "x": 627.0967741935484,
                    "y": 245.20338983050857
                }
            ]
        },
        {
            "id": "cUzxFg4FJw",
            "type": "RECTANGLE",
            "tags": [
                "FresaInmadura"
            ],
            "boundingBox": {
                "height": 163.46892655367233,
                "width": 171.42857142857144,
                "left": 455.668202764977,
                "top": 45.026438912429384
            },
            "points": [
                {
                    "x": 455.668202764977,
                    "y": 45.026438912429384
                },
                {
                    "x": 627.0967741935484,
                    "y": 45.026438912429384
                },
                {
                    "x": 627.0967741935484,
                    "y": 208.4953654661017
                },
                {
                    "x": 455.668202764977,
                    "y": 208.4953654661017
                }
            ]
        },
        {
            "id": "UHQwFS02dZ",
            "type": "RECTANGLE",
            "tags": [
                "FresaInmadura"
            ],
            "boundingBox": {
                "height": 193.2909604519774,
                "width": 189.12442396313367,
                "left": 252.16589861751154,
                "top": 46.130958686440685
            },
            "points": [
                {
                    "x": 252.16589861751154,
                    "y": 46.130958686440685
                },
                {
                    "x": 441.2903225806452,
                    "y": 46.130958686440685
                },
                {
                    "x": 441.2903225806452,
                    "y": 239.4219191384181
                },
                {
                    "x": 252.16589861751154,
                    "y": 239.4219191384181
                }
            ]
        }
    ],
    "version": "2.2.0"
}