{
    "asset": {
        "format": "jpg",
        "id": "664566c1fa3b7655ca732674b63e59fc",
        "name": "56.jpg",
        "path": "file:C:/Users/RSSpe/Desktop/strawberry-dataset/56.jpg",
        "size": {
            "width": 486,
            "height": 319
        },
        "state": 2,
        "type": 1
    },
    "regions": [
        {
            "id": "J4ZrxtCYGP",
            "type": "RECTANGLE",
            "tags": [
                "FresaMadura"
            ],
            "boundingBox": {
                "height": 154.53287197231833,
                "width": 190.86946651532352,
                "left": 115.8456299659478,
                "top": 133.08626189446366
            },
            "points": [
                {
                    "x": 115.8456299659478,
                    "y": 133.08626189446366
                },
                {
                    "x": 306.7150964812713,
                    "y": 133.08626189446366
                },
                {
                    "x": 306.7150964812713,
                    "y": 287.619133866782
                },
                {
                    "x": 115.8456299659478,
                    "y": 287.619133866782
                }
            ]
        }
    ],
    "version": "2.2.0"
}