{
    "asset": {
        "format": "jpg",
        "id": "66e51c174f6829b287160fa1f444be53",
        "name": "30.jpg",
        "path": "file:C:/Users/RSSpe/Desktop/strawberry-dataset/30.jpg",
        "size": {
            "width": 179,
            "height": 102
        },
        "state": 2,
        "type": 1
    },
    "regions": [
        {
            "id": "VtJvVV7wWa",
            "type": "RECTANGLE",
            "tags": [
                "FresaMadura"
            ],
            "boundingBox": {
                "height": 40.529545454545456,
                "width": 38.76958525345622,
                "left": 21.034562211981566,
                "top": 61.470454545454544
            },
            "points": [
                {
                    "x": 21.034562211981566,
                    "y": 61.470454545454544
                },
                {
                    "x": 59.80414746543779,
                    "y": 61.470454545454544
                },
                {
                    "x": 59.80414746543779,
                    "y": 102
                },
                {
                    "x": 21.034562211981566,
                    "y": 102
                }
            ]
        },
        {
            "id": "GZjNrDTvXw",
            "type": "RECTANGLE",
            "tags": [
                "FresaInmadura"
            ],
            "boundingBox": {
                "height": 37.850757575757584,
                "width": 33.82027649769585,
                "left": 59.80414746543779,
                "top": 55.70075757575755
            },
            "points": [
                {
                    "x": 59.80414746543779,
                    "y": 55.70075757575755
                },
                {
                    "x": 93.62442396313365,
                    "y": 55.70075757575755
                },
                {
                    "x": 93.62442396313365,
                    "y": 93.55151515151513
                },
                {
                    "x": 59.80414746543779,
                    "y": 93.55151515151513
                }
            ]
        },
        {
            "id": "8mYqgvg9JA",
            "type": "RECTANGLE",
            "tags": [
                "FresaInmadura"
            ],
            "boundingBox": {
                "height": 32.35151515151515,
                "width": 30.933179723502302,
                "left": 94.65552995391705,
                "top": 55.49469696969697
            },
            "points": [
                {
                    "x": 94.65552995391705,
                    "y": 55.49469696969697
                },
                {
                    "x": 125.58870967741935,
                    "y": 55.49469696969697
                },
                {
                    "x": 125.58870967741935,
                    "y": 87.84621212121212
                },
                {
                    "x": 94.65552995391705,
                    "y": 87.84621212121212
                }
            ]
        },
        {
            "id": "LO4BaWgPN5",
            "type": "RECTANGLE",
            "tags": [
                "FresaInmadura"
            ],
            "boundingBox": {
                "height": 28.64242424242424,
                "width": 25.158986175115206,
                "left": 125.17626728110599,
                "top": 65.79772727272727
            },
            "points": [
                {
                    "x": 125.17626728110599,
                    "y": 65.79772727272727
                },
                {
                    "x": 150.33525345622118,
                    "y": 65.79772727272727
                },
                {
                    "x": 150.33525345622118,
                    "y": 94.44015151515151
                },
                {
                    "x": 125.17626728110599,
                    "y": 94.44015151515151
                }
            ]
        },
        {
            "id": "0SFqyGAPxW",
            "type": "RECTANGLE",
            "tags": [
                "FresaInmadura"
            ],
            "boundingBox": {
                "height": 16.484848484848474,
                "width": 23.50921658986175,
                "left": 140.23041474654377,
                "top": 85.51515151515152
            },
            "points": [
                {
                    "x": 140.23041474654377,
                    "y": 85.51515151515152
                },
                {
                    "x": 163.73963133640552,
                    "y": 85.51515151515152
                },
                {
                    "x": 163.73963133640552,
                    "y": 101.99999999999999
                },
                {
                    "x": 140.23041474654377,
                    "y": 101.99999999999999
                }
            ]
        }
    ],
    "version": "2.2.0"
}