{
    "asset": {
        "format": "jpg",
        "id": "735de329dd507a64ee842c3665f1ddd1",
        "name": "41.jpg",
        "path": "file:C:/Users/RSSpe/Desktop/strawberry-dataset/41.jpg",
        "size": {
            "width": 449,
            "height": 291
        },
        "state": 2,
        "type": 1
    },
    "regions": [
        {
            "id": "erxDqqnkb6",
            "type": "RECTANGLE",
            "tags": [
                "FresaMadura"
            ],
            "boundingBox": {
                "height": 152.18611653645837,
                "width": 133.48648648648648,
                "left": 163.3186936936937,
                "top": 82.23055013020837
            },
            "points": [
                {
                    "x": 163.3186936936937,
                    "y": 82.23055013020837
                },
                {
                    "x": 296.8051801801802,
                    "y": 82.23055013020837
                },
                {
                    "x": 296.8051801801802,
                    "y": 234.41666666666674
                },
                {
                    "x": 163.3186936936937,
                    "y": 234.41666666666674
                }
            ]
        },
        {
            "id": "aYOTUwVHqa",
            "type": "RECTANGLE",
            "tags": [
                "FresaInmadura"
            ],
            "boundingBox": {
                "height": 123.27083333333334,
                "width": 125.90202702702703,
                "left": 310.4572072072072,
                "top": 152.45450846354169
            },
            "points": [
                {
                    "x": 310.4572072072072,
                    "y": 152.45450846354169
                },
                {
                    "x": 436.35923423423424,
                    "y": 152.45450846354169
                },
                {
                    "x": 436.35923423423424,
                    "y": 275.725341796875
                },
                {
                    "x": 310.4572072072072,
                    "y": 275.725341796875
                }
            ]
        }
    ],
    "version": "2.2.0"
}