{
    "asset": {
        "format": "jpg",
        "id": "7a781c3f8fc33de00e7ee037fd13e299",
        "name": "19.jpg",
        "path": "file:C:/Users/RSSpe/Desktop/strawberry-dataset/19.jpg",
        "size": {
            "width": 800,
            "height": 600
        },
        "state": 2,
        "type": 1
    },
    "regions": [
        {
            "id": "F5bCMgb_Oo",
            "type": "RECTANGLE",
            "tags": [
                "FresaMadura"
            ],
            "boundingBox": {
                "height": 371.52317880794703,
                "width": 351.80124223602485,
                "left": 141.2888198757764,
                "top": 150.9933774834437
            },
            "points": [
                {
                    "x": 141.2888198757764,
                    "y": 150.9933774834437
                },
                {
                    "x": 493.0900621118012,
                    "y": 150.9933774834437
                },
                {
                    "x": 493.0900621118012,
                    "y": 522.5165562913907
                },
                {
                    "x": 141.2888198757764,
                    "y": 522.5165562913907
                }
            ]
        },
        {
            "id": "pN_uLotkTW",
            "type": "RECTANGLE",
            "tags": [
                "FresaMadura"
            ],
            "boundingBox": {
                "height": 224.50331125827813,
                "width": 207.8726708074534,
                "left": 0,
                "top": 0.9933774834437086
            },
            "points": [
                {
                    "x": 0,
                    "y": 0.9933774834437086
                },
                {
                    "x": 207.8726708074534,
                    "y": 0.9933774834437086
                },
                {
                    "x": 207.8726708074534,
                    "y": 225.49668874172184
                },
                {
                    "x": 0,
                    "y": 225.49668874172184
                }
            ]
        }
    ],
    "version": "2.2.0"
}