{
    "asset": {
        "format": "jpg",
        "id": "7dacb941162282dbd52993a025ae4d38",
        "name": "16.jpg",
        "path": "file:C:/Users/RSSpe/Desktop/strawberry-dataset/16.jpg",
        "size": {
            "width": 717,
            "height": 652
        },
        "state": 2,
        "type": 1
    },
    "regions": [
        {
            "id": "JKyrzp6o7o",
            "type": "RECTANGLE",
            "tags": [
                "FresaInmadura"
            ],
            "boundingBox": {
                "height": 310.887417218543,
                "width": 268.875,
                "left": 94.6022919804217,
                "top": 208.33774834437085
            },
            "points": [
                {
                    "x": 94.6022919804217,
                    "y": 208.33774834437085
                },
                {
                    "x": 363.47729198042174,
                    "y": 208.33774834437085
                },
                {
                    "x": 363.47729198042174,
                    "y": 519.2251655629138
                },
                {
                    "x": 94.6022919804217,
                    "y": 519.2251655629138
                }
            ]
        },
        {
            "id": "oaqh3naazv",
            "type": "RECTANGLE",
            "tags": [
                "FresaInmadura"
            ],
            "boundingBox": {
                "height": 242.88079470198676,
                "width": 206.24548192771087,
                "left": 395.87187029367476,
                "top": 139.25165562913907
            },
            "points": [
                {
                    "x": 395.87187029367476,
                    "y": 139.25165562913907
                },
                {
                    "x": 602.1173522213855,
                    "y": 139.25165562913907
                },
                {
                    "x": 602.1173522213855,
                    "y": 382.1324503311258
                },
                {
                    "x": 395.87187029367476,
                    "y": 382.1324503311258
                }
            ]
        },
        {
            "id": "HfTnB__0fg",
            "type": "RECTANGLE",
            "tags": [
                "FresaInmadura"
            ],
            "boundingBox": {
                "height": 212.65562913907283,
                "width": 158.73343373493978,
                "left": 556.7649425828314,
                "top": 260.15231788079467
            },
            "points": [
                {
                    "x": 556.7649425828314,
                    "y": 260.15231788079467
                },
                {
                    "x": 715.4983763177712,
                    "y": 260.15231788079467
                },
                {
                    "x": 715.4983763177712,
                    "y": 472.8079470198675
                },
                {
                    "x": 556.7649425828314,
                    "y": 472.8079470198675
                }
            ]
        },
        {
            "id": "xhFsZlwZxy",
            "type": "RECTANGLE",
            "tags": [
                "FresaInmadura"
            ],
            "boundingBox": {
                "height": 197.54304635761588,
                "width": 207.3253012048193,
                "left": 342.9607257153615,
                "top": 403.72185430463577
            },
            "points": [
                {
                    "x": 342.9607257153615,
                    "y": 403.72185430463577
                },
                {
                    "x": 550.2860269201808,
                    "y": 403.72185430463577
                },
                {
                    "x": 550.2860269201808,
                    "y": 601.2649006622516
                },
                {
                    "x": 342.9607257153615,
                    "y": 601.2649006622516
                }
            ]
        }
    ],
    "version": "2.2.0"
}