{
    "asset": {
        "format": "jpg",
        "id": "7e6d039cfbed95b3b5a275efe8102525",
        "name": "123.jpg",
        "path": "file:C:/Users/RSSpe/Desktop/strawberry-dataset/123.jpg",
        "size": {
            "width": 626,
            "height": 408
        },
        "state": 2,
        "type": 1
    },
    "regions": [
        {
            "id": "rdOoLgMt26",
            "type": "RECTANGLE",
            "tags": [
                "FresaMadura"
            ],
            "boundingBox": {
                "height": 169.47692307692307,
                "width": 229.603121516165,
                "left": 235.8840579710145,
                "top": 190.62884615384615
            },
            "points": [
                {
                    "x": 235.8840579710145,
                    "y": 190.62884615384615
                },
                {
                    "x": 465.4871794871795,
                    "y": 190.62884615384615
                },
                {
                    "x": 465.4871794871795,
                    "y": 360.1057692307692
                },
                {
                    "x": 235.8840579710145,
                    "y": 360.1057692307692
                }
            ]
        },
        {
            "id": "EB_rWMPhxQ",
            "type": "RECTANGLE",
            "tags": [
                "FresaMadura"
            ],
            "boundingBox": {
                "height": 153.43589743589743,
                "width": 137.48272017837235,
                "left": 409.6566332218506,
                "top": 85.31602564102563
            },
            "points": [
                {
                    "x": 409.6566332218506,
                    "y": 85.31602564102563
                },
                {
                    "x": 547.139353400223,
                    "y": 85.31602564102563
                },
                {
                    "x": 547.139353400223,
                    "y": 238.75192307692308
                },
                {
                    "x": 409.6566332218506,
                    "y": 238.75192307692308
                }
            ]
        },
        {
            "id": "cgHEbivf37",
            "type": "RECTANGLE",
            "tags": [
                "FresaMadura"
            ],
            "boundingBox": {
                "height": 160.4102564102564,
                "width": 144.46153846153845,
                "left": 287.5273132664437,
                "top": 97.86987179487178
            },
            "points": [
                {
                    "x": 287.5273132664437,
                    "y": 97.86987179487178
                },
                {
                    "x": 431.9888517279822,
                    "y": 97.86987179487178
                },
                {
                    "x": 431.9888517279822,
                    "y": 258.28012820512816
                },
                {
                    "x": 287.5273132664437,
                    "y": 258.28012820512816
                }
            ]
        },
        {
            "id": "TElUlEn7fo",
            "type": "RECTANGLE",
            "tags": [
                "FresaMadura"
            ],
            "boundingBox": {
                "height": 162.5025641025641,
                "width": 161.21070234113714,
                "left": 124.92084726867336,
                "top": 143.90064102564102
            },
            "points": [
                {
                    "x": 124.92084726867336,
                    "y": 143.90064102564102
                },
                {
                    "x": 286.13154960981046,
                    "y": 143.90064102564102
                },
                {
                    "x": 286.13154960981046,
                    "y": 306.4032051282051
                },
                {
                    "x": 124.92084726867336,
                    "y": 306.4032051282051
                }
            ]
        },
        {
            "id": "Bf6JaY3jLG",
            "type": "RECTANGLE",
            "tags": [
                "FresaMadura"
            ],
            "boundingBox": {
                "height": 141.57948717948716,
                "width": 145.15942028985506,
                "left": 69.78818283166109,
                "top": 106.23910256410255
            },
            "points": [
                {
                    "x": 69.78818283166109,
                    "y": 106.23910256410255
                },
                {
                    "x": 214.94760312151618,
                    "y": 106.23910256410255
                },
                {
                    "x": 214.94760312151618,
                    "y": 247.81858974358974
                },
                {
                    "x": 69.78818283166109,
                    "y": 247.81858974358974
                }
            ]
        }
    ],
    "version": "2.2.0"
}