{
    "asset": {
        "format": "jpg",
        "id": "802fa730a58956b369b3c7a3e92c49aa",
        "name": "35.jpg",
        "path": "file:C:/Users/RSSpe/Desktop/strawberry-dataset/35.jpg",
        "size": {
            "width": 234,
            "height": 149
        },
        "state": 2,
        "type": 1
    },
    "regions": [
        {
            "id": "nLRtSSGlS9",
            "type": "RECTANGLE",
            "tags": [
                "FresaInmadura"
            ],
            "boundingBox": {
                "height": 75.44303797468355,
                "width": 60.117511520737324,
                "left": 83.57142857142857,
                "top": 45.90153141952984
            },
            "points": [
                {
                    "x": 83.57142857142857,
                    "y": 45.90153141952984
                },
                {
                    "x": 143.6889400921659,
                    "y": 45.90153141952984
                },
                {
                    "x": 143.6889400921659,
                    "y": 121.34456939421338
                },
                {
                    "x": 83.57142857142857,
                    "y": 121.34456939421338
                }
            ]
        },
        {
            "id": "phxi5UNLtv",
            "type": "RECTANGLE",
            "tags": [
                "FresaInmadura"
            ],
            "boundingBox": {
                "height": 106.60118105786619,
                "width": 81.68433179723502,
                "left": 142.88018433179724,
                "top": 42.398818942133815
            },
            "points": [
                {
                    "x": 142.88018433179724,
                    "y": 42.398818942133815
                },
                {
                    "x": 224.56451612903226,
                    "y": 42.398818942133815
                },
                {
                    "x": 224.56451612903226,
                    "y": 149
                },
                {
                    "x": 142.88018433179724,
                    "y": 149
                }
            ]
        },
        {
            "id": "_-3fy7PQuL",
            "type": "RECTANGLE",
            "tags": [
                "FresaInmadura"
            ],
            "boundingBox": {
                "height": 50.385171790235084,
                "width": 29.92396313364055,
                "left": 0,
                "top": 18.957589285714285
            },
            "points": [
                {
                    "x": 0,
                    "y": 18.957589285714285
                },
                {
                    "x": 29.92396313364055,
                    "y": 18.957589285714285
                },
                {
                    "x": 29.92396313364055,
                    "y": 69.34276107594937
                },
                {
                    "x": 0,
                    "y": 69.34276107594937
                }
            ]
        },
        {
            "id": "0tlMbWi-oy",
            "type": "RECTANGLE",
            "tags": [
                "FresaInmadura"
            ],
            "boundingBox": {
                "height": 52.54068716094032,
                "width": 29.92396313364055,
                "left": 63.6221198156682,
                "top": 57.75686595840868
            },
            "points": [
                {
                    "x": 63.6221198156682,
                    "y": 57.75686595840868
                },
                {
                    "x": 93.54608294930875,
                    "y": 57.75686595840868
                },
                {
                    "x": 93.54608294930875,
                    "y": 110.297553119349
                },
                {
                    "x": 63.6221198156682,
                    "y": 110.297553119349
                }
            ]
        },
        {
            "id": "UxFabVvmrq",
            "type": "RECTANGLE",
            "tags": [
                "FresaInmadura"
            ],
            "boundingBox": {
                "height": 58.7377938517179,
                "width": 41.516129032258064,
                "left": 22.64516129032258,
                "top": 7.641133589511754
            },
            "points": [
                {
                    "x": 22.64516129032258,
                    "y": 7.641133589511754
                },
                {
                    "x": 64.16129032258064,
                    "y": 7.641133589511754
                },
                {
                    "x": 64.16129032258064,
                    "y": 66.37892744122966
                },
                {
                    "x": 22.64516129032258,
                    "y": 66.37892744122966
                }
            ]
        },
        {
            "id": "50Fkd7T5vv",
            "type": "RECTANGLE",
            "tags": [
                "FresaInmadura"
            ],
            "boundingBox": {
                "height": 53.34900542495479,
                "width": 48.525345622119815,
                "left": 85.99769585253456,
                "top": 12.491043173598554
            },
            "points": [
                {
                    "x": 85.99769585253456,
                    "y": 12.491043173598554
                },
                {
                    "x": 134.52304147465438,
                    "y": 12.491043173598554
                },
                {
                    "x": 134.52304147465438,
                    "y": 65.84004859855335
                },
                {
                    "x": 85.99769585253456,
                    "y": 65.84004859855335
                }
            ]
        },
        {
            "id": "O-nN6iTGay",
            "type": "RECTANGLE",
            "tags": [
                "FresaInmadura"
            ],
            "boundingBox": {
                "height": 40.68535262206148,
                "width": 36.394009216589865,
                "left": 0,
                "top": 0.09682979204339964
            },
            "points": [
                {
                    "x": 0,
                    "y": 0.09682979204339964
                },
                {
                    "x": 36.394009216589865,
                    "y": 0.09682979204339964
                },
                {
                    "x": 36.394009216589865,
                    "y": 40.78218241410488
                },
                {
                    "x": 0,
                    "y": 40.78218241410488
                }
            ]
        },
        {
            "id": "q2V3wSb3LZ",
            "type": "RECTANGLE",
            "tags": [
                "FresaInmadura"
            ],
            "boundingBox": {
                "height": 80.29294755877035,
                "width": 37.74193548387097,
                "left": 196.25806451612902,
                "top": 28.657408453887886
            },
            "points": [
                {
                    "x": 196.25806451612902,
                    "y": 28.657408453887886
                },
                {
                    "x": 234,
                    "y": 28.657408453887886
                },
                {
                    "x": 234,
                    "y": 108.95035601265823
                },
                {
                    "x": 196.25806451612902,
                    "y": 108.95035601265823
                }
            ]
        },
        {
            "id": "Jrn7JYPxwH",
            "type": "RECTANGLE",
            "tags": [
                "FresaInmadura"
            ],
            "boundingBox": {
                "height": 48.499095840867994,
                "width": 79.52764976958525,
                "left": 129.13133640552996,
                "top": 0
            },
            "points": [
                {
                    "x": 129.13133640552996,
                    "y": 0
                },
                {
                    "x": 208.65898617511525,
                    "y": 0
                },
                {
                    "x": 208.65898617511525,
                    "y": 48.499095840868
                },
                {
                    "x": 129.13133640552996,
                    "y": 48.499095840868
                }
            ]
        },
        {
            "id": "qDqsD_gzlk",
            "type": "RECTANGLE",
            "tags": [
                "FresaInmadura"
            ],
            "boundingBox": {
                "height": 39.4349853074141,
                "width": 45.29032258064516,
                "left": 38.82027649769585,
                "top": 0
            },
            "points": [
                {
                    "x": 38.82027649769585,
                    "y": 0
                },
                {
                    "x": 84.11059907834101,
                    "y": 0
                },
                {
                    "x": 84.11059907834101,
                    "y": 39.4349853074141
                },
                {
                    "x": 38.82027649769585,
                    "y": 39.4349853074141
                }
            ]
        },
        {
            "id": "SxRSvrqTrd",
            "type": "RECTANGLE",
            "tags": [
                "FresaInmadura"
            ],
            "boundingBox": {
                "height": 33.67992766726944,
                "width": 65.77880184331795,
                "left": 73.32718894009219,
                "top": 0
            },
            "points": [
                {
                    "x": 73.32718894009219,
                    "y": 0
                },
                {
                    "x": 139.10599078341014,
                    "y": 0
                },
                {
                    "x": 139.10599078341014,
                    "y": 33.67992766726944
                },
                {
                    "x": 73.32718894009219,
                    "y": 33.67992766726944
                }
            ]
        }
    ],
    "version": "2.2.0"
}