{
    "asset": {
        "format": "jpg",
        "id": "84fd7fbdd7923504ccd321606f0d1334",
        "name": "5.jpg",
        "path": "file:C:/Users/RSSpe/Desktop/strawberry-dataset/5.jpg",
        "size": {
            "width": 610,
            "height": 405
        },
        "state": 2,
        "type": 1
    },
    "regions": [
        {
            "id": "oWO3_zKZru",
            "type": "RECTANGLE",
            "tags": [
                "FresaInmadura"
            ],
            "boundingBox": {
                "height": 283.8461538461538,
                "width": 268.64926220204313,
                "left": 37.38933030646992,
                "top": 91.70913461538461
            },
            "points": [
                {
                    "x": 37.38933030646992,
                    "y": 91.70913461538461
                },
                {
                    "x": 306.0385925085131,
                    "y": 91.70913461538461
                },
                {
                    "x": 306.0385925085131,
                    "y": 375.55528846153845
                },
                {
                    "x": 37.38933030646992,
                    "y": 375.55528846153845
                }
            ]
        },
        {
            "id": "9oF_4Tk244",
            "type": "RECTANGLE",
            "tags": [
                "FresaInmadura"
            ],
            "boundingBox": {
                "height": 288.6923076923077,
                "width": 252.72417707150962,
                "left": 324.7332576617481,
                "top": 87.55528846153845
            },
            "points": [
                {
                    "x": 324.7332576617481,
                    "y": 87.55528846153845
                },
                {
                    "x": 577.4574347332577,
                    "y": 87.55528846153845
                },
                {
                    "x": 577.4574347332577,
                    "y": 376.24759615384613
                },
                {
                    "x": 324.7332576617481,
                    "y": 376.24759615384613
                }
            ]
        }
    ],
    "version": "2.2.0"
}