{
    "asset": {
        "format": "jpg",
        "id": "8c0f699e0516c25b7450776263b29cef",
        "name": "84.jpg",
        "path": "file:C:/Users/RSSpe/Desktop/strawberry-dataset/84.jpg",
        "size": {
            "width": 231,
            "height": 261
        },
        "state": 2,
        "type": 1
    },
    "regions": [
        {
            "id": "ipFedKzZdL",
            "type": "RECTANGLE",
            "tags": [
                "FresaMadura"
            ],
            "boundingBox": {
                "height": 141.30298013245033,
                "width": 158.89345794392523,
                "left": 44.16930490654206,
                "top": 55.74337748344371
            },
            "points": [
                {
                    "x": 44.16930490654206,
                    "y": 55.74337748344371
                },
                {
                    "x": 203.0627628504673,
                    "y": 55.74337748344371
                },
                {
                    "x": 203.0627628504673,
                    "y": 197.04635761589404
                },
                {
                    "x": 44.16930490654206,
                    "y": 197.04635761589404
                }
            ]
        }
    ],
    "version": "2.2.0"
}