{
    "asset": {
        "format": "jpg",
        "id": "8cb214d35a6c16fafc0a52dca2e1034b",
        "name": "86.jpg",
        "path": "file:C:/Users/RSSpe/Desktop/strawberry-dataset/86.jpg",
        "size": {
            "width": 600,
            "height": 450
        },
        "state": 2,
        "type": 1
    },
    "regions": [
        {
            "id": "rrbSLFoZU1",
            "type": "RECTANGLE",
            "tags": [
                "FresaInmadura"
            ],
            "boundingBox": {
                "height": 159.43708609271525,
                "width": 167.70186335403727,
                "left": 40.003881987577635,
                "top": 99.08940397350993
            },
            "points": [
                {
                    "x": 40.003881987577635,
                    "y": 99.08940397350993
                },
                {
                    "x": 207.7057453416149,
                    "y": 99.08940397350993
                },
                {
                    "x": 207.7057453416149,
                    "y": 258.52649006622516
                },
                {
                    "x": 40.003881987577635,
                    "y": 258.52649006622516
                }
            ]
        },
        {
            "id": "dy6w7eCV7V",
            "type": "RECTANGLE",
            "tags": [
                "FresaInmadura"
            ],
            "boundingBox": {
                "height": 176.5728476821192,
                "width": 156.0209627329193,
                "left": 319.5069875776397,
                "top": 235.43046357615896
            },
            "points": [
                {
                    "x": 319.5069875776397,
                    "y": 235.43046357615896
                },
                {
                    "x": 475.527950310559,
                    "y": 235.43046357615896
                },
                {
                    "x": 475.527950310559,
                    "y": 412.0033112582782
                },
                {
                    "x": 319.5069875776397,
                    "y": 412.0033112582782
                }
            ]
        },
        {
            "id": "4Q8J2_dpGC",
            "type": "RECTANGLE",
            "tags": [
                "FresaInmadura"
            ],
            "boundingBox": {
                "height": 138.57615894039736,
                "width": 140.12422360248448,
                "left": 191.30822981366458,
                "top": 186.25827814569539
            },
            "points": [
                {
                    "x": 191.30822981366458,
                    "y": 186.25827814569539
                },
                {
                    "x": 331.43245341614903,
                    "y": 186.25827814569539
                },
                {
                    "x": 331.43245341614903,
                    "y": 324.83443708609275
                },
                {
                    "x": 191.30822981366458,
                    "y": 324.83443708609275
                }
            ]
        },
        {
            "id": "IfcXcGxvJb",
            "type": "RECTANGLE",
            "tags": [
                "FresaInmadura"
            ],
            "boundingBox": {
                "height": 83.44370860927152,
                "width": 75.27950310559005,
                "left": 189.07220496894408,
                "top": 6.7052980132450335
            },
            "points": [
                {
                    "x": 189.07220496894408,
                    "y": 6.7052980132450335
                },
                {
                    "x": 264.35170807453414,
                    "y": 6.7052980132450335
                },
                {
                    "x": 264.35170807453414,
                    "y": 90.14900662251657
                },
                {
                    "x": 189.07220496894408,
                    "y": 90.14900662251657
                }
            ]
        },
        {
            "id": "iu-M_4UFMy",
            "type": "RECTANGLE",
            "tags": [
                "FresaInmadura"
            ],
            "boundingBox": {
                "height": 103.55960264900662,
                "width": 96.14906832298136,
                "left": 48.94798136645962,
                "top": 30.546357615894042
            },
            "points": [
                {
                    "x": 48.94798136645962,
                    "y": 30.546357615894042
                },
                {
                    "x": 145.09704968944098,
                    "y": 30.546357615894042
                },
                {
                    "x": 145.09704968944098,
                    "y": 134.10596026490066
                },
                {
                    "x": 48.94798136645962,
                    "y": 134.10596026490066
                }
            ]
        }
    ],
    "version": "2.2.0"
}