{
    "asset": {
        "format": "jpg",
        "id": "8d923e418ddb121cc10cb03443137bbc",
        "name": "18.jpg",
        "path": "file:C:/Users/RSSpe/Desktop/strawberry-dataset/18.jpg",
        "size": {
            "width": 225,
            "height": 151
        },
        "state": 2,
        "type": 1
    },
    "regions": [
        {
            "id": "W49Xn53FvF",
            "type": "RECTANGLE",
            "tags": [
                "FresaInmadura"
            ],
            "boundingBox": {
                "height": 33.61129568106312,
                "width": 37.625418060200666,
                "left": 54.68227424749164,
                "top": 47.156146179401986
            },
            "points": [
                {
                    "x": 54.68227424749164,
                    "y": 47.156146179401986
                },
                {
                    "x": 92.3076923076923,
                    "y": 47.156146179401986
                },
                {
                    "x": 92.3076923076923,
                    "y": 80.76744186046511
                },
                {
                    "x": 54.68227424749164,
                    "y": 80.76744186046511
                }
            ]
        },
        {
            "id": "k8y6vk82Za",
            "type": "RECTANGLE",
            "tags": [
                "FresaInmadura"
            ],
            "boundingBox": {
                "height": 33.10963455149501,
                "width": 35.869565217391305,
                "left": 173.07692307692307,
                "top": 28.09302325581395
            },
            "points": [
                {
                    "x": 173.07692307692307,
                    "y": 28.09302325581395
                },
                {
                    "x": 208.94648829431438,
                    "y": 28.09302325581395
                },
                {
                    "x": 208.94648829431438,
                    "y": 61.20265780730897
                },
                {
                    "x": 173.07692307692307,
                    "y": 61.20265780730897
                }
            ]
        },
        {
            "id": "emh4P2h2Xd",
            "type": "RECTANGLE",
            "tags": [
                "FresaInmadura"
            ],
            "boundingBox": {
                "height": 25.835548172757473,
                "width": 29.598662207357858,
                "left": 22.5752508361204,
                "top": 46.90531561461793
            },
            "points": [
                {
                    "x": 22.5752508361204,
                    "y": 46.90531561461793
                },
                {
                    "x": 52.17391304347826,
                    "y": 46.90531561461793
                },
                {
                    "x": 52.17391304347826,
                    "y": 72.7408637873754
                },
                {
                    "x": 22.5752508361204,
                    "y": 72.7408637873754
                }
            ]
        },
        {
            "id": "kPYgBD-Ha-",
            "type": "RECTANGLE",
            "tags": [
                "FresaMadura"
            ],
            "boundingBox": {
                "height": 68.22591362126245,
                "width": 62.709030100334445,
                "left": 112.876254180602,
                "top": 68.97840531561461
            },
            "points": [
                {
                    "x": 112.876254180602,
                    "y": 68.97840531561461
                },
                {
                    "x": 175.58528428093646,
                    "y": 68.97840531561461
                },
                {
                    "x": 175.58528428093646,
                    "y": 137.20431893687706
                },
                {
                    "x": 112.876254180602,
                    "y": 137.20431893687706
                }
            ]
        },
        {
            "id": "CATECNW_gg",
            "type": "RECTANGLE",
            "tags": [
                "FresaInmadura"
            ],
            "boundingBox": {
                "height": 42.13953488372093,
                "width": 44.147157190635454,
                "left": 162.29096989966555,
                "top": 61.45348837209302
            },
            "points": [
                {
                    "x": 162.29096989966555,
                    "y": 61.45348837209302
                },
                {
                    "x": 206.438127090301,
                    "y": 61.45348837209302
                },
                {
                    "x": 206.438127090301,
                    "y": 103.59302325581395
                },
                {
                    "x": 162.29096989966555,
                    "y": 103.59302325581395
                }
            ]
        },
        {
            "id": "h6rFEWAYO2",
            "type": "RECTANGLE",
            "tags": [
                "FresaMadura"
            ],
            "boundingBox": {
                "height": 37.37375415282391,
                "width": 43.1438127090301,
                "left": 14.297658862876254,
                "top": 85.03156146179401
            },
            "points": [
                {
                    "x": 14.297658862876254,
                    "y": 85.03156146179401
                },
                {
                    "x": 57.441471571906355,
                    "y": 85.03156146179401
                },
                {
                    "x": 57.441471571906355,
                    "y": 122.40531561461793
                },
                {
                    "x": 14.297658862876254,
                    "y": 122.40531561461793
                }
            ]
        },
        {
            "id": "4Orj48D1Ob",
            "type": "RECTANGLE",
            "tags": [
                "FresaMadura"
            ],
            "boundingBox": {
                "height": 48.41029900332226,
                "width": 50.668896321070235,
                "left": 67.97658862876254,
                "top": 62.20598006644518
            },
            "points": [
                {
                    "x": 67.97658862876254,
                    "y": 62.20598006644518
                },
                {
                    "x": 118.64548494983278,
                    "y": 62.20598006644518
                },
                {
                    "x": 118.64548494983278,
                    "y": 110.61627906976743
                },
                {
                    "x": 67.97658862876254,
                    "y": 110.61627906976743
                }
            ]
        }
    ],
    "version": "2.2.0"
}