{
    "asset": {
        "format": "jpg",
        "id": "8f35cd16c1e2d5fef8c76aee7101481d",
        "name": "20.jpg",
        "path": "file:C:/Users/RSSpe/Desktop/strawberry-dataset/20.jpg",
        "size": {
            "width": 607,
            "height": 457
        },
        "state": 2,
        "type": 1
    },
    "regions": [
        {
            "id": "io6FEvd5ZU",
            "type": "RECTANGLE",
            "tags": [
                "FresaMadura"
            ],
            "boundingBox": {
                "height": 183.10264900662253,
                "width": 175.59102244389027,
                "left": 222.23238778054863,
                "top": 143.00165562913907
            },
            "points": [
                {
                    "x": 222.23238778054863,
                    "y": 143.00165562913907
                },
                {
                    "x": 397.8234102244389,
                    "y": 143.00165562913907
                },
                {
                    "x": 397.8234102244389,
                    "y": 326.1043046357616
                },
                {
                    "x": 222.23238778054863,
                    "y": 326.1043046357616
                }
            ]
        },
        {
            "id": "SIjNfcorwu",
            "type": "RECTANGLE",
            "tags": [
                "FresaMadura"
            ],
            "boundingBox": {
                "height": 146.78476821192055,
                "width": 155.91271820448878,
                "left": 334.2473503740648,
                "top": 304.91887417218544
            },
            "points": [
                {
                    "x": 334.2473503740648,
                    "y": 304.91887417218544
                },
                {
                    "x": 490.1600685785536,
                    "y": 304.91887417218544
                },
                {
                    "x": 490.1600685785536,
                    "y": 451.703642384106
                },
                {
                    "x": 334.2473503740648,
                    "y": 451.703642384106
                }
            ]
        },
        {
            "id": "hlEIS0j5VM",
            "type": "RECTANGLE",
            "tags": [
                "FresaMadura"
            ],
            "boundingBox": {
                "height": 87.76821192052981,
                "width": 94.8910536159601,
                "left": 483.34834788029923,
                "top": 4.539735099337749
            },
            "points": [
                {
                    "x": 483.34834788029923,
                    "y": 4.539735099337749
                },
                {
                    "x": 578.2394014962593,
                    "y": 4.539735099337749
                },
                {
                    "x": 578.2394014962593,
                    "y": 92.30794701986756
                },
                {
                    "x": 483.34834788029923,
                    "y": 92.30794701986756
                }
            ]
        },
        {
            "id": "HOrmNC_8Ox",
            "type": "RECTANGLE",
            "tags": [
                "FresaMadura"
            ],
            "boundingBox": {
                "height": 108.95364238410596,
                "width": 105.96009975062344,
                "left": 428.09772443890273,
                "top": 145.27152317880797
            },
            "points": [
                {
                    "x": 428.09772443890273,
                    "y": 145.27152317880797
                },
                {
                    "x": 534.0578241895262,
                    "y": 145.27152317880797
                },
                {
                    "x": 534.0578241895262,
                    "y": 254.22516556291393
                },
                {
                    "x": 428.09772443890273,
                    "y": 254.22516556291393
                }
            ]
        },
        {
            "id": "kMtWjH4RSj",
            "type": "RECTANGLE",
            "tags": [
                "FresaMadura"
            ],
            "boundingBox": {
                "height": 111.98013245033113,
                "width": 118.06982543640898,
                "left": 123.08400872817955,
                "top": 302.6490066225166
            },
            "points": [
                {
                    "x": 123.08400872817955,
                    "y": 302.6490066225166
                },
                {
                    "x": 241.15383416458852,
                    "y": 302.6490066225166
                },
                {
                    "x": 241.15383416458852,
                    "y": 414.6291390728477
                },
                {
                    "x": 123.08400872817955,
                    "y": 414.6291390728477
                }
            ]
        },
        {
            "id": "klrB_mUdbx",
            "type": "RECTANGLE",
            "tags": [
                "FresaMadura"
            ],
            "boundingBox": {
                "height": 62.04304635761591,
                "width": 59.50794887780548,
                "left": 239.16708229426433,
                "top": 6.052980132450331
            },
            "points": [
                {
                    "x": 239.16708229426433,
                    "y": 6.052980132450331
                },
                {
                    "x": 298.6750311720698,
                    "y": 6.052980132450331
                },
                {
                    "x": 298.6750311720698,
                    "y": 68.09602649006624
                },
                {
                    "x": 239.16708229426433,
                    "y": 68.09602649006624
                }
            ]
        },
        {
            "id": "a0Zv5ZZ7Qj",
            "type": "RECTANGLE",
            "tags": [
                "FresaMadura"
            ],
            "boundingBox": {
                "height": 236.0662251655629,
                "width": 243.70822942643392,
                "left": 27.719918952618453,
                "top": 0.7566225165562914
            },
            "points": [
                {
                    "x": 27.719918952618453,
                    "y": 0.7566225165562914
                },
                {
                    "x": 271.42814837905235,
                    "y": 0.7566225165562914
                },
                {
                    "x": 271.42814837905235,
                    "y": 236.8228476821192
                },
                {
                    "x": 27.719918952618453,
                    "y": 236.8228476821192
                }
            ]
        }
    ],
    "version": "2.2.0"
}