{
    "asset": {
        "format": "jpg",
        "id": "9450cfb4effc9c7d2133189d59043bb6",
        "name": "65.jpg",
        "path": "file:C:/Users/RSSpe/Desktop/strawberry-dataset/65.jpg",
        "size": {
            "width": 1181,
            "height": 901
        },
        "state": 2,
        "type": 1
    },
    "regions": [
        {
            "id": "HlIf7mqNRD",
            "type": "RECTANGLE",
            "tags": [
                "FresaInmadura"
            ],
            "boundingBox": {
                "height": 638.4569536423841,
                "width": 572.6060606060606,
                "left": 558.9759114583334,
                "top": 171.5480132450331
            },
            "points": [
                {
                    "x": 558.9759114583334,
                    "y": 171.5480132450331
                },
                {
                    "x": 1131.581972064394,
                    "y": 171.5480132450331
                },
                {
                    "x": 1131.581972064394,
                    "y": 810.0049668874173
                },
                {
                    "x": 558.9759114583334,
                    "y": 810.0049668874173
                }
            ]
        }
    ],
    "version": "2.2.0"
}