{
    "asset": {
        "format": "jpg",
        "id": "981b62e76b6468b2ca4c0eb1420ad9eb",
        "name": "59.jpg",
        "path": "file:C:/Users/RSSpe/Desktop/strawberry-dataset/59.jpg",
        "size": {
            "width": 243,
            "height": 240
        },
        "state": 2,
        "type": 1
    },
    "regions": [
        {
            "id": "Lm40iK7qWR",
            "type": "RECTANGLE",
            "tags": [
                "FresaMadura"
            ],
            "boundingBox": {
                "height": 109.66887417218543,
                "width": 96.08823529411764,
                "left": 15.795496323529411,
                "top": 67.94701986754967
            },
            "points": [
                {
                    "x": 15.795496323529411,
                    "y": 67.94701986754967
                },
                {
                    "x": 111.88373161764706,
                    "y": 67.94701986754967
                },
                {
                    "x": 111.88373161764706,
                    "y": 177.61589403973508
                },
                {
                    "x": 15.795496323529411,
                    "y": 177.61589403973508
                }
            ]
        },
        {
            "id": "coALV1RMQK",
            "type": "RECTANGLE",
            "tags": [
                "FresaMadura"
            ],
            "boundingBox": {
                "height": 127.1523178807947,
                "width": 113.55882352941175,
                "left": 107.51608455882352,
                "top": 84.63576158940397
            },
            "points": [
                {
                    "x": 107.51608455882352,
                    "y": 84.63576158940397
                },
                {
                    "x": 221.07490808823528,
                    "y": 84.63576158940397
                },
                {
                    "x": 221.07490808823528,
                    "y": 211.78807947019865
                },
                {
                    "x": 107.51608455882352,
                    "y": 211.78807947019865
                }
            ]
        }
    ],
    "version": "2.2.0"
}