{
    "asset": {
        "format": "jpg",
        "id": "a0e04c32dd8a6dae9ea6a24c2c469216",
        "name": "45.jpg",
        "path": "file:C:/Users/RSSpe/Desktop/strawberry-dataset/45.jpg",
        "size": {
            "width": 960,
            "height": 540
        },
        "state": 2,
        "type": 1
    },
    "regions": [
        {
            "id": "5_E6Bu1hga",
            "type": "RECTANGLE",
            "tags": [
                "FresaMadura"
            ],
            "boundingBox": {
                "height": 265.57377049180326,
                "width": 214.56221198156683,
                "left": 471.1520737327189,
                "top": 57.67930327868852
            },
            "points": [
                {
                    "x": 471.1520737327189,
                    "y": 57.67930327868852
                },
                {
                    "x": 685.7142857142858,
                    "y": 57.67930327868852
                },
                {
                    "x": 685.7142857142858,
                    "y": 323.2530737704918
                },
                {
                    "x": 471.1520737327189,
                    "y": 323.2530737704918
                }
            ]
        },
        {
            "id": "HZvbTqcapj",
            "type": "RECTANGLE",
            "tags": [
                "FresaInmadura"
            ],
            "boundingBox": {
                "height": 71.92622950819673,
                "width": 88.47926267281107,
                "left": 612.7188940092167,
                "top": 401.8186475409836
            },
            "points": [
                {
                    "x": 612.7188940092167,
                    "y": 401.8186475409836
                },
                {
                    "x": 701.1981566820277,
                    "y": 401.8186475409836
                },
                {
                    "x": 701.1981566820277,
                    "y": 473.74487704918033
                },
                {
                    "x": 612.7188940092167,
                    "y": 473.74487704918033
                }
            ]
        },
        {
            "id": "lEB8MPZGO1",
            "type": "RECTANGLE",
            "tags": [
                "FresaInmadura"
            ],
            "boundingBox": {
                "height": 154.91803278688525,
                "width": 141.5668202764977,
                "left": 367.1889400921659,
                "top": 236.94159836065575
            },
            "points": [
                {
                    "x": 367.1889400921659,
                    "y": 236.94159836065575
                },
                {
                    "x": 508.75576036866363,
                    "y": 236.94159836065575
                },
                {
                    "x": 508.75576036866363,
                    "y": 391.859631147541
                },
                {
                    "x": 367.1889400921659,
                    "y": 391.859631147541
                }
            ]
        },
        {
            "id": "rA0c-eZPb6",
            "type": "RECTANGLE",
            "tags": [
                "FresaMadura"
            ],
            "boundingBox": {
                "height": 202.5,
                "width": 209.03225806451616,
                "left": 65.25345622119816,
                "top": 233.6219262295082
            },
            "points": [
                {
                    "x": 65.25345622119816,
                    "y": 233.6219262295082
                },
                {
                    "x": 274.28571428571433,
                    "y": 233.6219262295082
                },
                {
                    "x": 274.28571428571433,
                    "y": 436.1219262295082
                },
                {
                    "x": 65.25345622119816,
                    "y": 436.1219262295082
                }
            ]
        },
        {
            "id": "f-LS2bK6Ji",
            "type": "RECTANGLE",
            "tags": [
                "FresaMadura"
            ],
            "boundingBox": {
                "height": 234.59016393442624,
                "width": 197.97235023041478,
                "left": 218.9861751152074,
                "top": 246.90061475409837
            },
            "points": [
                {
                    "x": 218.9861751152074,
                    "y": 246.90061475409837
                },
                {
                    "x": 416.95852534562215,
                    "y": 246.90061475409837
                },
                {
                    "x": 416.95852534562215,
                    "y": 481.4907786885246
                },
                {
                    "x": 218.9861751152074,
                    "y": 481.4907786885246
                }
            ]
        },
        {
            "id": "KjT5Id8DM4",
            "type": "RECTANGLE",
            "tags": [
                "FresaInmadura"
            ],
            "boundingBox": {
                "height": 174.8360655737705,
                "width": 169.21658986175117,
                "left": 779.7235023041476,
                "top": 190.46618852459017
            },
            "points": [
                {
                    "x": 779.7235023041476,
                    "y": 190.46618852459017
                },
                {
                    "x": 948.9400921658987,
                    "y": 190.46618852459017
                },
                {
                    "x": 948.9400921658987,
                    "y": 365.30225409836066
                },
                {
                    "x": 779.7235023041476,
                    "y": 365.30225409836066
                }
            ]
        },
        {
            "id": "IrmWjT8kOU",
            "type": "RECTANGLE",
            "tags": [
                "FresaMadura"
            ],
            "boundingBox": {
                "height": 237.90983606557378,
                "width": 76.31336405529954,
                "left": 883.6866359447006,
                "top": 0.13831967213114754
            },
            "points": [
                {
                    "x": 883.6866359447006,
                    "y": 0.13831967213114754
                },
                {
                    "x": 960.0000000000001,
                    "y": 0.13831967213114754
                },
                {
                    "x": 960.0000000000001,
                    "y": 238.04815573770492
                },
                {
                    "x": 883.6866359447006,
                    "y": 238.04815573770492
                }
            ]
        },
        {
            "id": "L0OobhSxGD",
            "type": "RECTANGLE",
            "tags": [
                "FresaMadura"
            ],
            "boundingBox": {
                "height": 284.38524590163934,
                "width": 278.7096774193549,
                "left": 618.2488479262673,
                "top": 1.2448770491803278
            },
            "points": [
                {
                    "x": 618.2488479262673,
                    "y": 1.2448770491803278
                },
                {
                    "x": 896.9585253456222,
                    "y": 1.2448770491803278
                },
                {
                    "x": 896.9585253456222,
                    "y": 285.63012295081967
                },
                {
                    "x": 618.2488479262673,
                    "y": 285.63012295081967
                }
            ]
        },
        {
            "id": "YtrDdlubA9",
            "type": "RECTANGLE",
            "tags": [
                "FresaMadura"
            ],
            "boundingBox": {
                "height": 172.484631147541,
                "width": 153.73271889400922,
                "left": 361.6589861751152,
                "top": 334.3186475409836
            },
            "points": [
                {
                    "x": 361.6589861751152,
                    "y": 334.3186475409836
                },
                {
                    "x": 515.3917050691244,
                    "y": 334.3186475409836
                },
                {
                    "x": 515.3917050691244,
                    "y": 506.8032786885246
                },
                {
                    "x": 361.6589861751152,
                    "y": 506.8032786885246
                }
            ]
        },
        {
            "id": "7IGBpHQGLS",
            "type": "RECTANGLE",
            "tags": [
                "FresaInmadura"
            ],
            "boundingBox": {
                "height": 145.92725409836066,
                "width": 112.8110599078341,
                "left": 2.2119815668202767,
                "top": 314.40061475409834
            },
            "points": [
                {
                    "x": 2.2119815668202767,
                    "y": 314.40061475409834
                },
                {
                    "x": 115.02304147465439,
                    "y": 314.40061475409834
                },
                {
                    "x": 115.02304147465439,
                    "y": 460.327868852459
                },
                {
                    "x": 2.2119815668202767,
                    "y": 460.327868852459
                }
            ]
        }
    ],
    "version": "2.2.0"
}