{
    "asset": {
        "format": "jpg",
        "id": "a7ffe575b4319960714fb7bb84f03986",
        "name": "55.jpg",
        "path": "file:C:/Users/RSSpe/Desktop/strawberry-dataset/55.jpg",
        "size": {
            "width": 567,
            "height": 626
        },
        "state": 2,
        "type": 1
    },
    "regions": [
        {
            "id": "SSZ7iiFytg",
            "type": "RECTANGLE",
            "tags": [
                "FresaMadura"
            ],
            "boundingBox": {
                "height": 479.86423841059604,
                "width": 439.50274223034734,
                "left": 70.01659620658135,
                "top": 129.55298013245033
            },
            "points": [
                {
                    "x": 70.01659620658135,
                    "y": 129.55298013245033
                },
                {
                    "x": 509.51933843692865,
                    "y": 129.55298013245033
                },
                {
                    "x": 509.51933843692865,
                    "y": 609.4172185430464
                },
                {
                    "x": 70.01659620658135,
                    "y": 609.4172185430464
                }
            ]
        }
    ],
    "version": "2.2.0"
}