{
    "asset": {
        "format": "jpg",
        "id": "a94b4fd41e652bb82a1a5e5a33849288",
        "name": "1.jpg",
        "path": "file:C:/Users/RSSpe/Desktop/strawberry-dataset/1.jpg",
        "size": {
            "width": 933,
            "height": 940
        },
        "state": 2,
        "type": 1
    },
    "regions": [
        {
            "id": "XeUw_6RD_u",
            "type": "RECTANGLE",
            "tags": [
                "FresaMadura"
            ],
            "boundingBox": {
                "height": 740.794701986755,
                "width": 754.175,
                "left": 95.268046875,
                "top": 94.93377483443709
            },
            "points": [
                {
                    "x": 95.268046875,
                    "y": 94.93377483443709
                },
                {
                    "x": 849.4430468749999,
                    "y": 94.93377483443709
                },
                {
                    "x": 849.4430468749999,
                    "y": 835.728476821192
                },
                {
                    "x": 95.268046875,
                    "y": 835.728476821192
                }
            ]
        }
    ],
    "version": "2.2.0"
}