{
    "asset": {
        "format": "jpg",
        "id": "ad62a594a8f50c3ae8c2c31281cbc62c",
        "name": "72.jpg",
        "path": "file:C:/Users/RSSpe/Desktop/strawberry-dataset/72.jpg",
        "size": {
            "width": 800,
            "height": 800
        },
        "state": 2,
        "type": 1
    },
    "regions": [
        {
            "id": "wS-ptZ-SXZ",
            "type": "RECTANGLE",
            "tags": [
                "FresaInmadura"
            ],
            "boundingBox": {
                "height": 249.00662251655635,
                "width": 150.9933774834437,
                "left": 0,
                "top": 72.8476821192053
            },
            "points": [
                {
                    "x": 0,
                    "y": 72.8476821192053
                },
                {
                    "x": 150.9933774834437,
                    "y": 72.8476821192053
                },
                {
                    "x": 150.9933774834437,
                    "y": 321.85430463576165
                },
                {
                    "x": 0,
                    "y": 321.85430463576165
                }
            ]
        },
        {
            "id": "Js15v6gAVd",
            "type": "RECTANGLE",
            "tags": [
                "FresaInmadura"
            ],
            "boundingBox": {
                "height": 270.19867549668885,
                "width": 279.4701986754967,
                "left": 0,
                "top": 323.1788079470199
            },
            "points": [
                {
                    "x": 0,
                    "y": 323.1788079470199
                },
                {
                    "x": 279.4701986754967,
                    "y": 323.1788079470199
                },
                {
                    "x": 279.4701986754967,
                    "y": 593.3774834437087
                },
                {
                    "x": 0,
                    "y": 593.3774834437087
                }
            ]
        },
        {
            "id": "1SGb_Ai87G",
            "type": "RECTANGLE",
            "tags": [
                "FresaInmadura"
            ],
            "boundingBox": {
                "height": 415.8940397350994,
                "width": 374.83443708609275,
                "left": 193.37748344370863,
                "top": 378.8079470198676
            },
            "points": [
                {
                    "x": 193.37748344370863,
                    "y": 378.8079470198676
                },
                {
                    "x": 568.2119205298013,
                    "y": 378.8079470198676
                },
                {
                    "x": 568.2119205298013,
                    "y": 794.7019867549669
                },
                {
                    "x": 193.37748344370863,
                    "y": 794.7019867549669
                }
            ]
        },
        {
            "id": "VVhzk919Mp",
            "type": "RECTANGLE",
            "tags": [
                "FresaInmadura"
            ],
            "boundingBox": {
                "height": 439.73509933774835,
                "width": 280.794701986755,
                "left": 515.2317880794702,
                "top": 176.15894039735102
            },
            "points": [
                {
                    "x": 515.2317880794702,
                    "y": 176.15894039735102
                },
                {
                    "x": 796.0264900662253,
                    "y": 176.15894039735102
                },
                {
                    "x": 796.0264900662253,
                    "y": 615.8940397350993
                },
                {
                    "x": 515.2317880794702,
                    "y": 615.8940397350993
                }
            ]
        }
    ],
    "version": "2.2.0"
}