{
    "asset": {
        "format": "jpg",
        "id": "b1e490db45a57a0d5379a3a373917821",
        "name": "14.jpg",
        "path": "file:C:/Users/RSSpe/Desktop/strawberry-dataset/14.jpg",
        "size": {
            "width": 1011,
            "height": 682
        },
        "state": 2,
        "type": 1
    },
    "regions": [
        {
            "id": "sOEEMeTVIC",
            "type": "RECTANGLE",
            "tags": [
                "FresaInmadura"
            ],
            "boundingBox": {
                "height": 455.04304635761594,
                "width": 443.93631284916205,
                "left": 43.13694134078212,
                "top": 185.1788079470199
            },
            "points": [
                {
                    "x": 43.13694134078212,
                    "y": 185.1788079470199
                },
                {
                    "x": 487.0732541899442,
                    "y": 185.1788079470199
                },
                {
                    "x": 487.0732541899442,
                    "y": 640.2218543046358
                },
                {
                    "x": 43.13694134078212,
                    "y": 640.2218543046358
                }
            ]
        },
        {
            "id": "DXkmtjEWwh",
            "type": "RECTANGLE",
            "tags": [
                "FresaInmadura"
            ],
            "boundingBox": {
                "height": 493.43377483443714,
                "width": 385.1966480446928,
                "left": 511.92465083798885,
                "top": 152.4337748344371
            },
            "points": [
                {
                    "x": 511.92465083798885,
                    "y": 152.4337748344371
                },
                {
                    "x": 897.1212988826817,
                    "y": 152.4337748344371
                },
                {
                    "x": 897.1212988826817,
                    "y": 645.8675496688742
                },
                {
                    "x": 511.92465083798885,
                    "y": 645.8675496688742
                }
            ]
        }
    ],
    "version": "2.2.0"
}