{
    "asset": {
        "format": "jpg",
        "id": "b26c973e6ed552ff579cedc75bc090e4",
        "name": "25.jpg",
        "path": "file:C:/Users/RSSpe/Desktop/strawberry-dataset/25.jpg",
        "size": {
            "width": 171,
            "height": 155
        },
        "state": 2,
        "type": 1
    },
    "regions": [
        {
            "id": "v0OARGaNT_",
            "type": "RECTANGLE",
            "tags": [
                "FresaInmadura"
            ],
            "boundingBox": {
                "height": 32.591059602649004,
                "width": 33.37837837837838,
                "left": 113.27787162162161,
                "top": 0
            },
            "points": [
                {
                    "x": 113.27787162162161,
                    "y": 0
                },
                {
                    "x": 146.65625,
                    "y": 0
                },
                {
                    "x": 146.65625,
                    "y": 32.591059602649004
                },
                {
                    "x": 113.27787162162161,
                    "y": 32.591059602649004
                }
            ]
        },
        {
            "id": "hd_tzdkdBZ",
            "type": "RECTANGLE",
            "tags": [
                "FresaInmadura"
            ],
            "boundingBox": {
                "height": 41.829470198675494,
                "width": 42.62162162162162,
                "left": 107.88597972972973,
                "top": 56.97019867549668
            },
            "points": [
                {
                    "x": 107.88597972972973,
                    "y": 56.97019867549668
                },
                {
                    "x": 150.50760135135135,
                    "y": 56.97019867549668
                },
                {
                    "x": 150.50760135135135,
                    "y": 98.79966887417218
                },
                {
                    "x": 107.88597972972973,
                    "y": 98.79966887417218
                }
            ]
        },
        {
            "id": "mcmGJBP57B",
            "type": "RECTANGLE",
            "tags": [
                "FresaInmadura"
            ],
            "boundingBox": {
                "height": 35.41390728476821,
                "width": 31.837837837837835,
                "left": 138.9535472972973,
                "top": 26.43211920529801
            },
            "points": [
                {
                    "x": 138.9535472972973,
                    "y": 26.43211920529801
                },
                {
                    "x": 170.79138513513513,
                    "y": 26.43211920529801
                },
                {
                    "x": 170.79138513513513,
                    "y": 61.84602649006622
                },
                {
                    "x": 138.9535472972973,
                    "y": 61.84602649006622
                }
            ]
        },
        {
            "id": "DxeZjYlUIa",
            "type": "RECTANGLE",
            "tags": [
                "FresaMadura"
            ],
            "boundingBox": {
                "height": 54.40397350993377,
                "width": 63.16216216216216,
                "left": 49.08868243243243,
                "top": 67.74834437086092
            },
            "points": [
                {
                    "x": 49.08868243243243,
                    "y": 67.74834437086092
                },
                {
                    "x": 112.25084459459458,
                    "y": 67.74834437086092
                },
                {
                    "x": 112.25084459459458,
                    "y": 122.1523178807947
                },
                {
                    "x": 49.08868243243243,
                    "y": 122.1523178807947
                }
            ]
        },
        {
            "id": "tb9iPfT_0v",
            "type": "RECTANGLE",
            "tags": [
                "FresaInmadura"
            ],
            "boundingBox": {
                "height": 27.715231788079468,
                "width": 28.756756756756754,
                "left": 67.0616554054054,
                "top": 15.140728476821192
            },
            "points": [
                {
                    "x": 67.0616554054054,
                    "y": 15.140728476821192
                },
                {
                    "x": 95.81841216216216,
                    "y": 15.140728476821192
                },
                {
                    "x": 95.81841216216216,
                    "y": 42.85596026490066
                },
                {
                    "x": 67.0616554054054,
                    "y": 42.85596026490066
                }
            ]
        },
        {
            "id": "Ho3y2SMaqf",
            "type": "RECTANGLE",
            "tags": [
                "FresaInmadura"
            ],
            "boundingBox": {
                "height": 41.31622516556291,
                "width": 36.71621621621622,
                "left": 31.88597972972973,
                "top": 12.061258278145694
            },
            "points": [
                {
                    "x": 31.88597972972973,
                    "y": 12.061258278145694
                },
                {
                    "x": 68.60219594594594,
                    "y": 12.061258278145694
                },
                {
                    "x": 68.60219594594594,
                    "y": 53.377483443708606
                },
                {
                    "x": 31.88597972972973,
                    "y": 53.377483443708606
                }
            ]
        },
        {
            "id": "gG1t_0beIn",
            "type": "RECTANGLE",
            "tags": [
                "FresaInmadura"
            ],
            "boundingBox": {
                "height": 17.19370860927152,
                "width": 20.283783783783782,
                "left": 15.453547297297296,
                "top": 0
            },
            "points": [
                {
                    "x": 15.453547297297296,
                    "y": 0
                },
                {
                    "x": 35.73733108108108,
                    "y": 0
                },
                {
                    "x": 35.73733108108108,
                    "y": 17.19370860927152
                },
                {
                    "x": 15.453547297297296,
                    "y": 17.19370860927152
                }
            ]
        }
    ],
    "version": "2.2.0"
}