{
    "asset": {
        "format": "jpg",
        "id": "b300128cafec2b82a170b440f803e79d",
        "name": "21.jpg",
        "path": "file:C:/Users/RSSpe/Desktop/strawberry-dataset/21.jpg",
        "size": {
            "width": 626,
            "height": 415
        },
        "state": 2,
        "type": 1
    },
    "regions": [
        {
            "id": "C7kFi2cwzo",
            "type": "RECTANGLE",
            "tags": [
                "FresaMadura"
            ],
            "boundingBox": {
                "height": 129.03361344537814,
                "width": 97.00557413600892,
                "left": 0,
                "top": 28.83639705882353
            },
            "points": [
                {
                    "x": 0,
                    "y": 28.83639705882353
                },
                {
                    "x": 97.00557413600892,
                    "y": 28.83639705882353
                },
                {
                    "x": 97.00557413600892,
                    "y": 157.87001050420167
                },
                {
                    "x": 0,
                    "y": 157.87001050420167
                }
            ]
        },
        {
            "id": "hz9o33vMMC",
            "type": "RECTANGLE",
            "tags": [
                "FresaMadura"
            ],
            "boundingBox": {
                "height": 209.94117647058823,
                "width": 205.87513935340021,
                "left": 140.2742474916388,
                "top": 147.4078256302521
            },
            "points": [
                {
                    "x": 140.2742474916388,
                    "y": 147.4078256302521
                },
                {
                    "x": 346.14938684503903,
                    "y": 147.4078256302521
                },
                {
                    "x": 346.14938684503903,
                    "y": 357.3490021008403
                },
                {
                    "x": 140.2742474916388,
                    "y": 357.3490021008403
                }
            ]
        },
        {
            "id": "LQ4QatQZ3T",
            "type": "RECTANGLE",
            "tags": [
                "FresaMadura"
            ],
            "boundingBox": {
                "height": 121.36134453781511,
                "width": 125.61872909698997,
                "left": 261.7056856187291,
                "top": 3.029674369747899
            },
            "points": [
                {
                    "x": 261.7056856187291,
                    "y": 3.029674369747899
                },
                {
                    "x": 387.32441471571906,
                    "y": 3.029674369747899
                },
                {
                    "x": 387.32441471571906,
                    "y": 124.39101890756302
                },
                {
                    "x": 261.7056856187291,
                    "y": 124.39101890756302
                }
            ]
        },
        {
            "id": "qQgwV3v6kF",
            "type": "RECTANGLE",
            "tags": [
                "FresaMadura"
            ],
            "boundingBox": {
                "height": 166.69747899159663,
                "width": 72.57971014492753,
                "left": 553.4202898550725,
                "top": 88.12211134453781
            },
            "points": [
                {
                    "x": 553.4202898550725,
                    "y": 88.12211134453781
                },
                {
                    "x": 626,
                    "y": 88.12211134453781
                },
                {
                    "x": 626,
                    "y": 254.81959033613444
                },
                {
                    "x": 553.4202898550725,
                    "y": 254.81959033613444
                }
            ]
        },
        {
            "id": "6uFy1VbgAF",
            "type": "RECTANGLE",
            "tags": [
                "FresaMadura"
            ],
            "boundingBox": {
                "height": 128.7938550420168,
                "width": 175.86622073578596,
                "left": 450.13377926421407,
                "top": 286.20614495798316
            },
            "points": [
                {
                    "x": 450.13377926421407,
                    "y": 286.20614495798316
                },
                {
                    "x": 626,
                    "y": 286.20614495798316
                },
                {
                    "x": 626,
                    "y": 415
                },
                {
                    "x": 450.13377926421407,
                    "y": 415
                }
            ]
        },
        {
            "id": "VHJjdKhZH1",
            "type": "RECTANGLE",
            "tags": [
                "FresaMadura"
            ],
            "boundingBox": {
                "height": 168.0924369747899,
                "width": 181.44927536231884,
                "left": 316.8383500557414,
                "top": 56.038077731092436
            },
            "points": [
                {
                    "x": 316.8383500557414,
                    "y": 56.038077731092436
                },
                {
                    "x": 498.2876254180602,
                    "y": 56.038077731092436
                },
                {
                    "x": 498.2876254180602,
                    "y": 224.13051470588235
                },
                {
                    "x": 316.8383500557414,
                    "y": 224.13051470588235
                }
            ]
        }
    ],
    "version": "2.2.0"
}