{
    "asset": {
        "format": "jpg",
        "id": "b6d654d1e06cb22c33a22347274155cf",
        "name": "79.jpg",
        "path": "file:C:/Users/RSSpe/Desktop/strawberry-dataset/79.jpg",
        "size": {
            "width": 445,
            "height": 297
        },
        "state": 2,
        "type": 1
    },
    "regions": [
        {
            "id": "LRCbxscNQU",
            "type": "RECTANGLE",
            "tags": [
                "FresaMadura"
            ],
            "boundingBox": {
                "height": 118.59726962457337,
                "width": 106.43507972665148,
                "left": 160.15945330296128,
                "top": 43.58703071672355
            },
            "points": [
                {
                    "x": 160.15945330296128,
                    "y": 43.58703071672355
                },
                {
                    "x": 266.59453302961276,
                    "y": 43.58703071672355
                },
                {
                    "x": 266.59453302961276,
                    "y": 162.18430034129693
                },
                {
                    "x": 160.15945330296128,
                    "y": 162.18430034129693
                }
            ]
        },
        {
            "id": "HwYw4DLIrp",
            "type": "RECTANGLE",
            "tags": [
                "FresaMadura"
            ],
            "boundingBox": {
                "height": 97.81740614334471,
                "width": 101.87357630979498,
                "left": 311.7027334851936,
                "top": 151.54095563139933
            },
            "points": [
                {
                    "x": 311.7027334851936,
                    "y": 151.54095563139933
                },
                {
                    "x": 413.5763097949886,
                    "y": 151.54095563139933
                },
                {
                    "x": 413.5763097949886,
                    "y": 249.35836177474403
                },
                {
                    "x": 311.7027334851936,
                    "y": 249.35836177474403
                }
            ]
        },
        {
            "id": "duyes9f_cl",
            "type": "RECTANGLE",
            "tags": [
                "FresaMadura"
            ],
            "boundingBox": {
                "height": 135.32252559726962,
                "width": 130.76309794988612,
                "left": 266.59453302961276,
                "top": 30.91638225255972
            },
            "points": [
                {
                    "x": 266.59453302961276,
                    "y": 30.91638225255972
                },
                {
                    "x": 397.3576309794989,
                    "y": 30.91638225255972
                },
                {
                    "x": 397.3576309794989,
                    "y": 166.23890784982936
                },
                {
                    "x": 266.59453302961276,
                    "y": 166.23890784982936
                }
            ]
        }
    ],
    "version": "2.2.0"
}