{
    "asset": {
        "format": "jpg",
        "id": "bdc632c386d3a4beadf5d4a3ac87c5e5",
        "name": "32.jpg",
        "path": "file:C:/Users/RSSpe/Desktop/strawberry-dataset/32.jpg",
        "size": {
            "width": 788,
            "height": 548
        },
        "state": 2,
        "type": 1
    },
    "regions": [
        {
            "id": "hCx1xVl55X",
            "type": "RECTANGLE",
            "tags": [
                "FresaMadura"
            ],
            "boundingBox": {
                "height": 195.0662251655629,
                "width": 235.765247410817,
                "left": 202.00151035673187,
                "top": 190.5298013245033
            },
            "points": [
                {
                    "x": 202.00151035673187,
                    "y": 190.5298013245033
                },
                {
                    "x": 437.7667577675489,
                    "y": 190.5298013245033
                },
                {
                    "x": 437.7667577675489,
                    "y": 385.5960264900662
                },
                {
                    "x": 202.00151035673187,
                    "y": 385.5960264900662
                }
            ]
        },
        {
            "id": "Cl53g-5Keg",
            "type": "RECTANGLE",
            "tags": [
                "FresaInmadura"
            ],
            "boundingBox": {
                "height": 185.08609271523179,
                "width": 173.19677790563867,
                "left": 424.16491657077097,
                "top": 210.49006622516555
            },
            "points": [
                {
                    "x": 424.16491657077097,
                    "y": 210.49006622516555
                },
                {
                    "x": 597.3616944764096,
                    "y": 210.49006622516555
                },
                {
                    "x": 597.3616944764096,
                    "y": 395.57615894039736
                },
                {
                    "x": 424.16491657077097,
                    "y": 395.57615894039736
                }
            ]
        }
    ],
    "version": "2.2.0"
}