{
    "asset": {
        "format": "jpg",
        "id": "be016eaf52f63c7a2e4e7780f2a5aeb2",
        "name": "88.jpg",
        "path": "file:C:/Users/RSSpe/Desktop/strawberry-dataset/88.jpg",
        "size": {
            "width": 348,
            "height": 350
        },
        "state": 2,
        "type": 1
    },
    "regions": [
        {
            "id": "cP1o4jxC3e",
            "type": "RECTANGLE",
            "tags": [
                "FresaInmadura"
            ],
            "boundingBox": {
                "height": 95.61258278145695,
                "width": 93.8036605657238,
                "left": 129.28764559068222,
                "top": 122.2682119205298
            },
            "points": [
                {
                    "x": 129.28764559068222,
                    "y": 122.2682119205298
                },
                {
                    "x": 223.091306156406,
                    "y": 122.2682119205298
                },
                {
                    "x": 223.091306156406,
                    "y": 217.88079470198673
                },
                {
                    "x": 129.28764559068222,
                    "y": 217.88079470198673
                }
            ]
        }
    ],
    "version": "2.2.0"
}