{
    "asset": {
        "format": "jpg",
        "id": "be342660e5c7011ab3078e40ecdcb4d8",
        "name": "40.jpg",
        "path": "file:C:/Users/RSSpe/Desktop/strawberry-dataset/40.jpg",
        "size": {
            "width": 626,
            "height": 470
        },
        "state": 2,
        "type": 1
    },
    "regions": [
        {
            "id": "3bNYwEcaOt",
            "type": "RECTANGLE",
            "tags": [
                "FresaInmadura"
            ],
            "boundingBox": {
                "height": 143.9569536423841,
                "width": 124.57711442786069,
                "left": 449.45087064676613,
                "top": 133.06291390728475
            },
            "points": [
                {
                    "x": 449.45087064676613,
                    "y": 133.06291390728475
                },
                {
                    "x": 574.0279850746268,
                    "y": 133.06291390728475
                },
                {
                    "x": 574.0279850746268,
                    "y": 277.01986754966885
                },
                {
                    "x": 449.45087064676613,
                    "y": 277.01986754966885
                }
            ]
        },
        {
            "id": "9xOP8JbovW",
            "type": "RECTANGLE",
            "tags": [
                "FresaInmadura"
            ],
            "boundingBox": {
                "height": 94.93377483443709,
                "width": 95.76865671641791,
                "left": 36.78917910447761,
                "top": 185.97682119205297
            },
            "points": [
                {
                    "x": 36.78917910447761,
                    "y": 185.97682119205297
                },
                {
                    "x": 132.55783582089552,
                    "y": 185.97682119205297
                },
                {
                    "x": 132.55783582089552,
                    "y": 280.91059602649005
                },
                {
                    "x": 36.78917910447761,
                    "y": 280.91059602649005
                }
            ]
        },
        {
            "id": "V1d_XdW_0g",
            "type": "RECTANGLE",
            "tags": [
                "FresaInmadura"
            ],
            "boundingBox": {
                "height": 185.19867549668874,
                "width": 162.92350746268656,
                "left": 157.2786069651741,
                "top": 210.09933774834437
            },
            "points": [
                {
                    "x": 157.2786069651741,
                    "y": 210.09933774834437
                },
                {
                    "x": 320.2021144278607,
                    "y": 210.09933774834437
                },
                {
                    "x": 320.2021144278607,
                    "y": 395.2980132450331
                },
                {
                    "x": 157.2786069651741,
                    "y": 395.2980132450331
                }
            ]
        }
    ],
    "version": "2.2.0"
}