{
    "asset": {
        "format": "jpg",
        "id": "beb249e41967253aac53296edcb5d4ee",
        "name": "4.jpg",
        "path": "file:C:/Users/RSSpe/Desktop/strawberry-dataset/4.jpg",
        "size": {
            "width": 896,
            "height": 623
        },
        "state": 2,
        "type": 1
    },
    "regions": [
        {
            "id": "vltOC57Fdc",
            "type": "RECTANGLE",
            "tags": [
                "FresaMadura"
            ],
            "boundingBox": {
                "height": 303.24834437086093,
                "width": 302.1035673187572,
                "left": 493.7215189873418,
                "top": 203.19701986754967
            },
            "points": [
                {
                    "x": 493.7215189873418,
                    "y": 203.19701986754967
                },
                {
                    "x": 795.825086306099,
                    "y": 203.19701986754967
                },
                {
                    "x": 795.825086306099,
                    "y": 506.4453642384106
                },
                {
                    "x": 493.7215189873418,
                    "y": 506.4453642384106
                }
            ]
        },
        {
            "id": "9JEOFgDkc8",
            "type": "RECTANGLE",
            "tags": [
                "FresaMadura"
            ],
            "boundingBox": {
                "height": 265.0844370860927,
                "width": 313.44533947065594,
                "left": 7.05638665132336,
                "top": 218.66887417218544
            },
            "points": [
                {
                    "x": 7.05638665132336,
                    "y": 218.66887417218544
                },
                {
                    "x": 320.5017261219793,
                    "y": 218.66887417218544
                },
                {
                    "x": 320.5017261219793,
                    "y": 483.75331125827813
                },
                {
                    "x": 7.05638665132336,
                    "y": 483.75331125827813
                }
            ]
        },
        {
            "id": "xk95XjVaMF",
            "type": "RECTANGLE",
            "tags": [
                "FresaMadura"
            ],
            "boundingBox": {
                "height": 338.317880794702,
                "width": 287.668584579977,
                "left": 286.47640966628313,
                "top": 124.80629139072848
            },
            "points": [
                {
                    "x": 286.47640966628313,
                    "y": 124.80629139072848
                },
                {
                    "x": 574.1449942462602,
                    "y": 124.80629139072848
                },
                {
                    "x": 574.1449942462602,
                    "y": 463.12417218543044
                },
                {
                    "x": 286.47640966628313,
                    "y": 463.12417218543044
                }
            ]
        }
    ],
    "version": "2.2.0"
}