{
    "asset": {
        "format": "jpg",
        "id": "c0ca22a12cccd41c12f49f8d49479b83",
        "name": "17.jpg",
        "path": "file:C:/Users/RSSpe/Desktop/strawberry-dataset/17.jpg",
        "size": {
            "width": 992,
            "height": 769
        },
        "state": 2,
        "type": 1
    },
    "regions": [
        {
            "id": "SvsXs5vEij",
            "type": "RECTANGLE",
            "tags": [
                "FresaInmadura"
            ],
            "boundingBox": {
                "height": 548.7400662251656,
                "width": 672.3697047496792,
                "left": 187.29332477535303,
                "top": 220.25993377483445
            },
            "points": [
                {
                    "x": 187.29332477535303,
                    "y": 220.25993377483445
                },
                {
                    "x": 859.6630295250321,
                    "y": 220.25993377483445
                },
                {
                    "x": 859.6630295250321,
                    "y": 769
                },
                {
                    "x": 187.29332477535303,
                    "y": 769
                }
            ]
        }
    ],
    "version": "2.2.0"
}