{
    "asset": {
        "format": "jpg",
        "id": "c7c916980b265cb76fd3c47faab0f173",
        "name": "54.jpg",
        "path": "file:C:/Users/RSSpe/Desktop/strawberry-dataset/54.jpg",
        "size": {
            "width": 1008,
            "height": 756
        },
        "state": 2,
        "type": 1
    },
    "regions": [
        {
            "id": "heVOAztfkO",
            "type": "RECTANGLE",
            "tags": [
                "FresaInmadura"
            ],
            "boundingBox": {
                "height": 103.88741721854305,
                "width": 92.6608695652174,
                "left": 186.16304347826087,
                "top": 336.6953642384106
            },
            "points": [
                {
                    "x": 186.16304347826087,
                    "y": 336.6953642384106
                },
                {
                    "x": 278.8239130434783,
                    "y": 336.6953642384106
                },
                {
                    "x": 278.8239130434783,
                    "y": 440.5827814569536
                },
                {
                    "x": 186.16304347826087,
                    "y": 440.5827814569536
                }
            ]
        },
        {
            "id": "BzEnGP1ZH1",
            "type": "RECTANGLE",
            "tags": [
                "FresaMadura"
            ],
            "boundingBox": {
                "height": 265.3509933774834,
                "width": 191.5826086956522,
                "left": 381.5021739130435,
                "top": 165.2185430463576
            },
            "points": [
                {
                    "x": 381.5021739130435,
                    "y": 165.2185430463576
                },
                {
                    "x": 573.0847826086957,
                    "y": 165.2185430463576
                },
                {
                    "x": 573.0847826086957,
                    "y": 430.56953642384104
                },
                {
                    "x": 381.5021739130435,
                    "y": 430.56953642384104
                }
            ]
        },
        {
            "id": "aE9v8_Y_zX",
            "type": "RECTANGLE",
            "tags": [
                "FresaInmadura"
            ],
            "boundingBox": {
                "height": 211.5298013245033,
                "width": 161.94130434782588,
                "left": 633.1891304347831,
                "top": 280.37086092715236
            },
            "points": [
                {
                    "x": 633.1891304347831,
                    "y": 280.37086092715236
                },
                {
                    "x": 795.1304347826089,
                    "y": 280.37086092715236
                },
                {
                    "x": 795.1304347826089,
                    "y": 491.9006622516556
                },
                {
                    "x": 633.1891304347831,
                    "y": 491.9006622516556
                }
            ]
        },
        {
            "id": "ZgoUhL8piR",
            "type": "RECTANGLE",
            "tags": [
                "FresaMadura"
            ],
            "boundingBox": {
                "height": 120.15894039735099,
                "width": 105.5934782608695,
                "left": 583.1021739130435,
                "top": 173.98013245033113
            },
            "points": [
                {
                    "x": 583.1021739130435,
                    "y": 173.98013245033113
                },
                {
                    "x": 688.6956521739131,
                    "y": 173.98013245033113
                },
                {
                    "x": 688.6956521739131,
                    "y": 294.1390728476821
                },
                {
                    "x": 583.1021739130435,
                    "y": 294.1390728476821
                }
            ]
        },
        {
            "id": "oG_tiGbXht",
            "type": "RECTANGLE",
            "tags": [
                "FresaMadura"
            ],
            "boundingBox": {
                "height": 98.88079470198676,
                "width": 77.63478260869569,
                "left": 545.5369565217393,
                "top": 274.1125827814569
            },
            "points": [
                {
                    "x": 545.5369565217393,
                    "y": 274.1125827814569
                },
                {
                    "x": 623.1717391304351,
                    "y": 274.1125827814569
                },
                {
                    "x": 623.1717391304351,
                    "y": 372.9933774834437
                },
                {
                    "x": 545.5369565217393,
                    "y": 372.9933774834437
                }
            ]
        }
    ],
    "version": "2.2.0"
}