{
    "asset": {
        "format": "jpg",
        "id": "c943eb8d47b7ef26828122a82b98c32e",
        "name": "7.jpg",
        "path": "file:C:/Users/RSSpe/Desktop/strawberry-dataset/7.jpg",
        "size": {
            "width": 612,
            "height": 280
        },
        "state": 2,
        "type": 1
    },
    "regions": [
        {
            "id": "izppmP83Qd",
            "type": "RECTANGLE",
            "tags": [
                "FresaMadura"
            ],
            "boundingBox": {
                "height": 189.55818965517238,
                "width": 214.33783783783775,
                "left": 303.9324324324323,
                "top": 64.92456896551728
            },
            "points": [
                {
                    "x": 303.9324324324323,
                    "y": 64.92456896551728
                },
                {
                    "x": 518.27027027027,
                    "y": 64.92456896551728
                },
                {
                    "x": 518.27027027027,
                    "y": 254.48275862068968
                },
                {
                    "x": 303.9324324324323,
                    "y": 254.48275862068968
                }
            ]
        },
        {
            "id": "8FonJn7u9z",
            "type": "RECTANGLE",
            "tags": [
                "FresaInmadura"
            ],
            "boundingBox": {
                "height": 121.37931034482759,
                "width": 140.59459459459458,
                "left": 136.45945945945945,
                "top": 128.37284482758622
            },
            "points": [
                {
                    "x": 136.45945945945945,
                    "y": 128.37284482758622
                },
                {
                    "x": 277.05405405405406,
                    "y": 128.37284482758622
                },
                {
                    "x": 277.05405405405406,
                    "y": 249.7521551724138
                },
                {
                    "x": 136.45945945945945,
                    "y": 249.7521551724138
                }
            ]
        }
    ],
    "version": "2.2.0"
}