{
    "asset": {
        "format": "jpg",
        "id": "d709e94216fceb97eadf0cadf57c5b3b",
        "name": "28.jpg",
        "path": "file:C:/Users/RSSpe/Desktop/strawberry-dataset/28.jpg",
        "size": {
            "width": 798,
            "height": 538
        },
        "state": 2,
        "type": 1
    },
    "regions": [
        {
            "id": "x1UfDV1SxO",
            "type": "RECTANGLE",
            "tags": [
                "FresaMadura"
            ],
            "boundingBox": {
                "height": 208.31649831649833,
                "width": 228.25879682179342,
                "left": 178.44040862656072,
                "top": 170.26194234006735
            },
            "points": [
                {
                    "x": 178.44040862656072,
                    "y": 170.26194234006735
                },
                {
                    "x": 406.6992054483542,
                    "y": 170.26194234006735
                },
                {
                    "x": 406.6992054483542,
                    "y": 378.57844065656565
                },
                {
                    "x": 178.44040862656072,
                    "y": 378.57844065656565
                }
            ]
        },
        {
            "id": "TIU5IM_4p1",
            "type": "RECTANGLE",
            "tags": [
                "FresaInmadura"
            ],
            "boundingBox": {
                "height": 141.2929292929293,
                "width": 171.19409761634506,
                "left": 373.1850170261067,
                "top": 284.38315446127945
            },
            "points": [
                {
                    "x": 373.1850170261067,
                    "y": 284.38315446127945
                },
                {
                    "x": 544.3791146424518,
                    "y": 284.38315446127945
                },
                {
                    "x": 544.3791146424518,
                    "y": 425.6760837542087
                },
                {
                    "x": 373.1850170261067,
                    "y": 425.6760837542087
                }
            ]
        }
    ],
    "version": "2.2.0"
}