{
    "asset": {
        "format": "jpg",
        "id": "d834c2d64438906c91379352edaf2838",
        "name": "2.jpg",
        "path": "file:C:/Users/RSSpe/Desktop/strawberry-dataset/2.jpg",
        "size": {
            "width": 1200,
            "height": 1600
        },
        "state": 2,
        "type": 1
    },
    "regions": [
        {
            "id": "-_9ixGFa_-",
            "type": "RECTANGLE",
            "tags": [
                "FresaMadura"
            ],
            "boundingBox": {
                "height": 1144.3708609271523,
                "width": 1125.8278145695365,
                "left": 37.08609271523179,
                "top": 312.5827814569537
            },
            "points": [
                {
                    "x": 37.08609271523179,
                    "y": 312.5827814569537
                },
                {
                    "x": 1162.9139072847684,
                    "y": 312.5827814569537
                },
                {
                    "x": 1162.9139072847684,
                    "y": 1456.9536423841062
                },
                {
                    "x": 37.08609271523179,
                    "y": 1456.9536423841062
                }
            ]
        }
    ],
    "version": "2.2.0"
}