{
    "asset": {
        "format": "jpg",
        "id": "dbbb825468fb4e49f23ae6f18ac6d2b9",
        "name": "53.jpg",
        "path": "file:C:/Users/RSSpe/Desktop/strawberry-dataset/53.jpg",
        "size": {
            "width": 734,
            "height": 732
        },
        "state": 2,
        "type": 1
    },
    "regions": [
        {
            "id": "vysjXLgqXu",
            "type": "RECTANGLE",
            "tags": [
                "FresaMadura"
            ],
            "boundingBox": {
                "height": 214.50993377483442,
                "width": 184.3137891914192,
                "left": 548.4749896864686,
                "top": 216.9337748344371
            },
            "points": [
                {
                    "x": 548.4749896864686,
                    "y": 216.9337748344371
                },
                {
                    "x": 732.7887788778877,
                    "y": 216.9337748344371
                },
                {
                    "x": 732.7887788778877,
                    "y": 431.44370860927154
                },
                {
                    "x": 548.4749896864686,
                    "y": 431.44370860927154
                }
            ]
        },
        {
            "id": "vp5b-zEEBX",
            "type": "RECTANGLE",
            "tags": [
                "FresaMadura"
            ],
            "boundingBox": {
                "height": 199.96688741721854,
                "width": 195.006600660066,
                "left": 359.52449463696365,
                "top": 484.7682119205298
            },
            "points": [
                {
                    "x": 359.52449463696365,
                    "y": 484.7682119205298
                },
                {
                    "x": 554.5310952970297,
                    "y": 484.7682119205298
                },
                {
                    "x": 554.5310952970297,
                    "y": 684.7350993377484
                },
                {
                    "x": 359.52449463696365,
                    "y": 684.7350993377484
                }
            ]
        },
        {
            "id": "iZ4yt0Pxj4",
            "type": "RECTANGLE",
            "tags": [
                "FresaMadura"
            ],
            "boundingBox": {
                "height": 283.58940397350995,
                "width": 237.3993399339934,
                "left": 340.1449566831683,
                "top": 113.9205298013245
            },
            "points": [
                {
                    "x": 340.1449566831683,
                    "y": 113.9205298013245
                },
                {
                    "x": 577.5442966171616,
                    "y": 113.9205298013245
                },
                {
                    "x": 577.5442966171616,
                    "y": 397.50993377483445
                },
                {
                    "x": 340.1449566831683,
                    "y": 397.50993377483445
                }
            ]
        },
        {
            "id": "kP0CF1OXsd",
            "type": "RECTANGLE",
            "tags": [
                "FresaInmadura"
            ],
            "boundingBox": {
                "height": 110.28476821192052,
                "width": 117.48844884488447,
                "left": 550.8974319306931,
                "top": 528.3973509933775
            },
            "points": [
                {
                    "x": 550.8974319306931,
                    "y": 528.3973509933775
                },
                {
                    "x": 668.3858807755774,
                    "y": 528.3973509933775
                },
                {
                    "x": 668.3858807755774,
                    "y": 638.682119205298
                },
                {
                    "x": 550.8974319306931,
                    "y": 638.682119205298
                }
            ]
        },
        {
            "id": "1lAbYPeJa1",
            "type": "RECTANGLE",
            "tags": [
                "FresaInmadura"
            ],
            "boundingBox": {
                "height": 140.58278145695363,
                "width": 157.45874587458744,
                "left": 189.95353754125412,
                "top": 90.89403973509934
            },
            "points": [
                {
                    "x": 189.95353754125412,
                    "y": 90.89403973509934
                },
                {
                    "x": 347.41228341584156,
                    "y": 90.89403973509934
                },
                {
                    "x": 347.41228341584156,
                    "y": 231.47682119205297
                },
                {
                    "x": 189.95353754125412,
                    "y": 231.47682119205297
                }
            ]
        }
    ],
    "version": "2.2.0"
}