{
    "asset": {
        "format": "jpg",
        "id": "dbc579dd5088e5ea8a76741061e8d279",
        "name": "24.jpg",
        "path": "file:C:/Users/RSSpe/Desktop/strawberry-dataset/24.jpg",
        "size": {
            "width": 448,
            "height": 326
        },
        "state": 2,
        "type": 1
    },
    "regions": [
        {
            "id": "VR9L80nwWz",
            "type": "RECTANGLE",
            "tags": [
                "FresaInmadura"
            ],
            "boundingBox": {
                "height": 52.354304635761586,
                "width": 53.975903614457835,
                "left": 107.15903614457831,
                "top": 220.21192052980132
            },
            "points": [
                {
                    "x": 107.15903614457831,
                    "y": 220.21192052980132
                },
                {
                    "x": 161.13493975903614,
                    "y": 220.21192052980132
                },
                {
                    "x": 161.13493975903614,
                    "y": 272.5662251655629
                },
                {
                    "x": 107.15903614457831,
                    "y": 272.5662251655629
                }
            ]
        },
        {
            "id": "ye-rbadVLZ",
            "type": "RECTANGLE",
            "tags": [
                "FresaInmadura"
            ],
            "boundingBox": {
                "height": 55.59271523178808,
                "width": 52.609638554216865,
                "left": 395.3903614457831,
                "top": 23.748344370860927
            },
            "points": [
                {
                    "x": 395.3903614457831,
                    "y": 23.748344370860927
                },
                {
                    "x": 448,
                    "y": 23.748344370860927
                },
                {
                    "x": 448,
                    "y": 79.341059602649
                },
                {
                    "x": 395.3903614457831,
                    "y": 79.341059602649
                }
            ]
        },
        {
            "id": "hEwvlc9jKf",
            "type": "RECTANGLE",
            "tags": [
                "FresaInmadura"
            ],
            "boundingBox": {
                "height": 44.79801324503311,
                "width": 44.8,
                "left": 264.2289156626506,
                "top": 146.80794701986756
            },
            "points": [
                {
                    "x": 264.2289156626506,
                    "y": 146.80794701986756
                },
                {
                    "x": 309.0289156626506,
                    "y": 146.80794701986756
                },
                {
                    "x": 309.0289156626506,
                    "y": 191.60596026490066
                },
                {
                    "x": 264.2289156626506,
                    "y": 191.60596026490066
                }
            ]
        },
        {
            "id": "zvEjVTZ_4N",
            "type": "RECTANGLE",
            "tags": [
                "FresaInmadura"
            ],
            "boundingBox": {
                "height": 83.11920529801324,
                "width": 80.42409638554217,
                "left": 265.8481927710843,
                "top": 172.1754966887417
            },
            "points": [
                {
                    "x": 265.8481927710843,
                    "y": 172.1754966887417
                },
                {
                    "x": 346.2722891566265,
                    "y": 172.1754966887417
                },
                {
                    "x": 346.2722891566265,
                    "y": 255.29470198675494
                },
                {
                    "x": 265.8481927710843,
                    "y": 255.29470198675494
                }
            ]
        },
        {
            "id": "TeHCANtml9",
            "type": "RECTANGLE",
            "tags": [
                "FresaInmadura"
            ],
            "boundingBox": {
                "height": 89.59602649006622,
                "width": 94.4578313253012,
                "left": 184.88433734939758,
                "top": 110.6456953642384
            },
            "points": [
                {
                    "x": 184.88433734939758,
                    "y": 110.6456953642384
                },
                {
                    "x": 279.3421686746988,
                    "y": 110.6456953642384
                },
                {
                    "x": 279.3421686746988,
                    "y": 200.24172185430461
                },
                {
                    "x": 184.88433734939758,
                    "y": 200.24172185430461
                }
            ]
        },
        {
            "id": "Hd7zCjGIPv",
            "type": "RECTANGLE",
            "tags": [
                "FresaInmadura"
            ],
            "boundingBox": {
                "height": 78.80132450331125,
                "width": 71.78795180722892,
                "left": 215.110843373494,
                "top": 194.3046357615894
            },
            "points": [
                {
                    "x": 215.110843373494,
                    "y": 194.3046357615894
                },
                {
                    "x": 286.8987951807229,
                    "y": 194.3046357615894
                },
                {
                    "x": 286.8987951807229,
                    "y": 273.10596026490066
                },
                {
                    "x": 215.110843373494,
                    "y": 273.10596026490066
                }
            ]
        },
        {
            "id": "HtDCXwammZ",
            "type": "RECTANGLE",
            "tags": [
                "FresaMadura"
            ],
            "boundingBox": {
                "height": 124.13907284768212,
                "width": 131.7012048192771,
                "left": 259.910843373494,
                "top": 46.95695364238411
            },
            "points": [
                {
                    "x": 259.910843373494,
                    "y": 46.95695364238411
                },
                {
                    "x": 391.6120481927711,
                    "y": 46.95695364238411
                },
                {
                    "x": 391.6120481927711,
                    "y": 171.0960264900662
                },
                {
                    "x": 259.910843373494,
                    "y": 171.0960264900662
                }
            ]
        },
        {
            "id": "2uYZId1srD",
            "type": "RECTANGLE",
            "tags": [
                "FresaInmadura"
            ],
            "boundingBox": {
                "height": 103.62913907284768,
                "width": 102.55421686746988,
                "left": 109.31807228915663,
                "top": 49.115894039735096
            },
            "points": [
                {
                    "x": 109.31807228915663,
                    "y": 49.115894039735096
                },
                {
                    "x": 211.87228915662652,
                    "y": 49.115894039735096
                },
                {
                    "x": 211.87228915662652,
                    "y": 152.74503311258277
                },
                {
                    "x": 109.31807228915663,
                    "y": 152.74503311258277
                }
            ]
        },
        {
            "id": "viATahGOp0",
            "type": "RECTANGLE",
            "tags": [
                "FresaInmadura"
            ],
            "boundingBox": {
                "height": 107.40728476821185,
                "width": 115.25542168674698,
                "left": 136.01927710843373,
                "top": 132.23509933774835
            },
            "points": [
                {
                    "x": 136.01927710843373,
                    "y": 132.23509933774835
                },
                {
                    "x": 251.27469879518074,
                    "y": 132.23509933774835
                },
                {
                    "x": 251.27469879518074,
                    "y": 239.6423841059602
                },
                {
                    "x": 136.01927710843373,
                    "y": 239.6423841059602
                }
            ]
        }
    ],
    "version": "2.2.0"
}