{
    "asset": {
        "format": "jpg",
        "id": "dc7b15506ee306d65f3f385291707f30",
        "name": "70.jpg",
        "path": "file:C:/Users/RSSpe/Desktop/strawberry-dataset/70.jpg",
        "size": {
            "width": 900,
            "height": 602
        },
        "state": 2,
        "type": 1
    },
    "regions": [
        {
            "id": "a9yIRMPFbA",
            "type": "RECTANGLE",
            "tags": [
                "FresaInmadura"
            ],
            "boundingBox": {
                "height": 282.75757575757575,
                "width": 226.01351351351354,
                "left": 93.24324324324326,
                "top": 179.38383838383837
            },
            "points": [
                {
                    "x": 93.24324324324326,
                    "y": 179.38383838383837
                },
                {
                    "x": 319.2567567567568,
                    "y": 179.38383838383837
                },
                {
                    "x": 319.2567567567568,
                    "y": 462.1414141414141
                },
                {
                    "x": 93.24324324324326,
                    "y": 462.1414141414141
                }
            ]
        },
        {
            "id": "rR0EKlBowD",
            "type": "RECTANGLE",
            "tags": [
                "FresaMadura"
            ],
            "boundingBox": {
                "height": 317.2154882154882,
                "width": 294.93243243243245,
                "left": 486.4864864864865,
                "top": 242.2188552188552
            },
            "points": [
                {
                    "x": 486.4864864864865,
                    "y": 242.2188552188552
                },
                {
                    "x": 781.418918918919,
                    "y": 242.2188552188552
                },
                {
                    "x": 781.418918918919,
                    "y": 559.4343434343434
                },
                {
                    "x": 486.4864864864865,
                    "y": 559.4343434343434
                }
            ]
        }
    ],
    "version": "2.2.0"
}