{
    "asset": {
        "format": "jpg",
        "id": "df8f3e17887f535ebf7ece0c9ceb396e",
        "name": "51.jpg",
        "path": "file:C:/Users/RSSpe/Desktop/strawberry-dataset/51.jpg",
        "size": {
            "width": 626,
            "height": 417
        },
        "state": 2,
        "type": 1
    },
    "regions": [
        {
            "id": "m4Wuy8UVVW",
            "type": "RECTANGLE",
            "tags": [
                "FresaMadura"
            ],
            "boundingBox": {
                "height": 147.17647058823528,
                "width": 165.15437788018434,
                "left": 61.301843317972356,
                "top": 151.58409926470588
            },
            "points": [
                {
                    "x": 61.301843317972356,
                    "y": 151.58409926470588
                },
                {
                    "x": 226.4562211981567,
                    "y": 151.58409926470588
                },
                {
                    "x": 226.4562211981567,
                    "y": 298.76056985294116
                },
                {
                    "x": 61.301843317972356,
                    "y": 298.76056985294116
                }
            ]
        },
        {
            "id": "qvUIafzS-6",
            "type": "RECTANGLE",
            "tags": [
                "FresaMadura"
            ],
            "boundingBox": {
                "height": 145.73356401384083,
                "width": 136.30645161290323,
                "left": 379.3502304147466,
                "top": 71.50278438581314
            },
            "points": [
                {
                    "x": 379.3502304147466,
                    "y": 71.50278438581314
                },
                {
                    "x": 515.6566820276498,
                    "y": 71.50278438581314
                },
                {
                    "x": 515.6566820276498,
                    "y": 217.23634839965396
                },
                {
                    "x": 379.3502304147466,
                    "y": 217.23634839965396
                }
            ]
        },
        {
            "id": "2j2DgTq7pO",
            "type": "RECTANGLE",
            "tags": [
                "FresaMadura"
            ],
            "boundingBox": {
                "height": 117.59688581314879,
                "width": 150.7304147465438,
                "left": 426.9493087557604,
                "top": 197.03565635813146
            },
            "points": [
                {
                    "x": 426.9493087557604,
                    "y": 197.03565635813146
                },
                {
                    "x": 577.6797235023042,
                    "y": 197.03565635813146
                },
                {
                    "x": 577.6797235023042,
                    "y": 314.63254217128025
                },
                {
                    "x": 426.9493087557604,
                    "y": 314.63254217128025
                }
            ]
        },
        {
            "id": "xp2AfwCcsd",
            "type": "RECTANGLE",
            "tags": [
                "FresaMadura"
            ],
            "boundingBox": {
                "height": 129.86159169550172,
                "width": 147.12442396313364,
                "left": 259.63133640552996,
                "top": 178.99932417820068
            },
            "points": [
                {
                    "x": 259.63133640552996,
                    "y": 178.99932417820068
                },
                {
                    "x": 406.75576036866363,
                    "y": 178.99932417820068
                },
                {
                    "x": 406.75576036866363,
                    "y": 308.8609158737024
                },
                {
                    "x": 259.63133640552996,
                    "y": 308.8609158737024
                }
            ]
        },
        {
            "id": "ZTOqZ1uWdh",
            "type": "RECTANGLE",
            "tags": [
                "FresaMadura"
            ],
            "boundingBox": {
                "height": 126.25432525951557,
                "width": 141.35483870967744,
                "left": 227.89861751152074,
                "top": 78.71731725778547
            },
            "points": [
                {
                    "x": 227.89861751152074,
                    "y": 78.71731725778547
                },
                {
                    "x": 369.2534562211982,
                    "y": 78.71731725778547
                },
                {
                    "x": 369.2534562211982,
                    "y": 204.97164251730104
                },
                {
                    "x": 227.89861751152074,
                    "y": 204.97164251730104
                }
            ]
        }
    ],
    "version": "2.2.0"
}