{
    "asset": {
        "format": "jpg",
        "id": "e1d070f77fe2bad386517d631216dbd7",
        "name": "6.jpg",
        "path": "file:C:/Users/RSSpe/Desktop/strawberry-dataset/6.jpg",
        "size": {
            "width": 612,
            "height": 408
        },
        "state": 2,
        "type": 1
    },
    "regions": [
        {
            "id": "fg3bo4vx4t",
            "type": "RECTANGLE",
            "tags": [
                "FresaInmadura"
            ],
            "boundingBox": {
                "height": 79.62694300518135,
                "width": 76.14746543778801,
                "left": 40.89400921658986,
                "top": 209.52720207253884
            },
            "points": [
                {
                    "x": 40.89400921658986,
                    "y": 209.52720207253884
                },
                {
                    "x": 117.04147465437786,
                    "y": 209.52720207253884
                },
                {
                    "x": 117.04147465437786,
                    "y": 289.15414507772016
                },
                {
                    "x": 40.89400921658986,
                    "y": 289.15414507772016
                }
            ]
        },
        {
            "id": "TzqhPyPpz_",
            "type": "RECTANGLE",
            "tags": [
                "FresaInmadura"
            ],
            "boundingBox": {
                "height": 83.15025906735751,
                "width": 83.9032258064516,
                "left": 184.02304147465438,
                "top": 202.4805699481865
            },
            "points": [
                {
                    "x": 184.02304147465438,
                    "y": 202.4805699481865
                },
                {
                    "x": 267.926267281106,
                    "y": 202.4805699481865
                },
                {
                    "x": 267.926267281106,
                    "y": 285.630829015544
                },
                {
                    "x": 184.02304147465438,
                    "y": 285.630829015544
                }
            ]
        },
        {
            "id": "l89b_YlcWN",
            "type": "RECTANGLE",
            "tags": [
                "FresaMadura"
            ],
            "boundingBox": {
                "height": 93.720207253886,
                "width": 93.77419354838709,
                "left": 340.54838709677415,
                "top": 203.18523316062175
            },
            "points": [
                {
                    "x": 340.54838709677415,
                    "y": 203.18523316062175
                },
                {
                    "x": 434.3225806451613,
                    "y": 203.18523316062175
                },
                {
                    "x": 434.3225806451613,
                    "y": 296.9054404145077
                },
                {
                    "x": 340.54838709677415,
                    "y": 296.9054404145077
                }
            ]
        },
        {
            "id": "zKLAlNGeFg",
            "type": "RECTANGLE",
            "tags": [
                "FresaMadura"
            ],
            "boundingBox": {
                "height": 95.83419689119171,
                "width": 97.2995391705069,
                "left": 492.1382488479262,
                "top": 200.3665803108808
            },
            "points": [
                {
                    "x": 492.1382488479262,
                    "y": 200.3665803108808
                },
                {
                    "x": 589.4377880184331,
                    "y": 200.3665803108808
                },
                {
                    "x": 589.4377880184331,
                    "y": 296.2007772020725
                },
                {
                    "x": 492.1382488479262,
                    "y": 296.2007772020725
                }
            ]
        }
    ],
    "version": "2.2.0"
}