{
    "asset": {
        "format": "jpg",
        "id": "e2d347c0f151853bcab1f9a048275db3",
        "name": "87.jpg",
        "path": "file:C:/Users/RSSpe/Desktop/strawberry-dataset/87.jpg",
        "size": {
            "width": 995,
            "height": 923
        },
        "state": 2,
        "type": 1
    },
    "regions": [
        {
            "id": "bNmrLtWjuL",
            "type": "RECTANGLE",
            "tags": [
                "FresaInmadura"
            ],
            "boundingBox": {
                "height": 368.2831125827815,
                "width": 305.6835637480799,
                "left": 161.3436059907834,
                "top": 322.43874172185434
            },
            "points": [
                {
                    "x": 161.3436059907834,
                    "y": 322.43874172185434
                },
                {
                    "x": 467.0271697388633,
                    "y": 322.43874172185434
                },
                {
                    "x": 467.0271697388633,
                    "y": 690.7218543046358
                },
                {
                    "x": 161.3436059907834,
                    "y": 690.7218543046358
                }
            ]
        },
        {
            "id": "v9xHv3v8bq",
            "type": "RECTANGLE",
            "tags": [
                "FresaInmadura"
            ],
            "boundingBox": {
                "height": 351.47350993377484,
                "width": 249.1321044546851,
                "left": 298.90120967741933,
                "top": 560.8294701986755
            },
            "points": [
                {
                    "x": 298.90120967741933,
                    "y": 560.8294701986755
                },
                {
                    "x": 548.0333141321045,
                    "y": 560.8294701986755
                },
                {
                    "x": 548.0333141321045,
                    "y": 912.3029801324503
                },
                {
                    "x": 298.90120967741933,
                    "y": 912.3029801324503
                }
            ]
        },
        {
            "id": "KQre3Ey7Af",
            "type": "RECTANGLE",
            "tags": [
                "FresaInmadura"
            ],
            "boundingBox": {
                "height": 368.2831125827815,
                "width": 236.9047619047619,
                "left": 483.8397657450077,
                "top": 343.8327814569537
            },
            "points": [
                {
                    "x": 483.8397657450077,
                    "y": 343.8327814569537
                },
                {
                    "x": 720.7445276497696,
                    "y": 343.8327814569537
                },
                {
                    "x": 720.7445276497696,
                    "y": 712.1158940397352
                },
                {
                    "x": 483.8397657450077,
                    "y": 712.1158940397352
                }
            ]
        },
        {
            "id": "sveJo24eaX",
            "type": "RECTANGLE",
            "tags": [
                "FresaInmadura"
            ],
            "boundingBox": {
                "height": 145.17384105960267,
                "width": 110.04608294930875,
                "left": 746.7276305683564,
                "top": 430.9370860927153
            },
            "points": [
                {
                    "x": 746.7276305683564,
                    "y": 430.9370860927153
                },
                {
                    "x": 856.7737135176651,
                    "y": 430.9370860927153
                },
                {
                    "x": 856.7737135176651,
                    "y": 576.1109271523179
                },
                {
                    "x": 746.7276305683564,
                    "y": 576.1109271523179
                }
            ]
        },
        {
            "id": "irqACRwfFJ",
            "type": "RECTANGLE",
            "tags": [
                "FresaInmadura"
            ],
            "boundingBox": {
                "height": 129.89238410596028,
                "width": 54.163306451612904,
                "left": 940.8366935483871,
                "top": 382.0364238410596
            },
            "points": [
                {
                    "x": 940.8366935483871,
                    "y": 382.0364238410596
                },
                {
                    "x": 995,
                    "y": 382.0364238410596
                },
                {
                    "x": 995,
                    "y": 511.9288079470199
                },
                {
                    "x": 940.8366935483871,
                    "y": 511.9288079470199
                }
            ]
        },
        {
            "id": "UXR2ZGnYrL",
            "type": "RECTANGLE",
            "tags": [
                "FresaInmadura"
            ],
            "boundingBox": {
                "height": 122.25165562913908,
                "width": 99.34715821812595,
                "left": 847.6032066052228,
                "top": 501.2317880794702
            },
            "points": [
                {
                    "x": 847.6032066052228,
                    "y": 501.2317880794702
                },
                {
                    "x": 946.9503648233487,
                    "y": 501.2317880794702
                },
                {
                    "x": 946.9503648233487,
                    "y": 623.4834437086093
                },
                {
                    "x": 847.6032066052228,
                    "y": 623.4834437086093
                }
            ]
        }
    ],
    "version": "2.2.0"
}