{
    "asset": {
        "format": "jpg",
        "id": "e42967df91c868127e766d9a16952db8",
        "name": "39.jpg",
        "path": "file:C:/Users/RSSpe/Desktop/strawberry-dataset/39.jpg",
        "size": {
            "width": 410,
            "height": 296
        },
        "state": 2,
        "type": 1
    },
    "regions": [
        {
            "id": "xGD7a9c9MY",
            "type": "RECTANGLE",
            "tags": [
                "FresaMadura"
            ],
            "boundingBox": {
                "height": 87.2317880794702,
                "width": 96.49940262843488,
                "left": 108.89859617682198,
                "top": 100.95364238410596
            },
            "points": [
                {
                    "x": 108.89859617682198,
                    "y": 100.95364238410596
                },
                {
                    "x": 205.39799880525686,
                    "y": 100.95364238410596
                },
                {
                    "x": 205.39799880525686,
                    "y": 188.18543046357615
                },
                {
                    "x": 108.89859617682198,
                    "y": 188.18543046357615
                }
            ]
        },
        {
            "id": "7db_5ZOzMc",
            "type": "RECTANGLE",
            "tags": [
                "FresaMadura"
            ],
            "boundingBox": {
                "height": 63.70860927152318,
                "width": 72.9868578255675,
                "left": 188.2534348864994,
                "top": 89.68211920529801
            },
            "points": [
                {
                    "x": 188.2534348864994,
                    "y": 89.68211920529801
                },
                {
                    "x": 261.2402927120669,
                    "y": 89.68211920529801
                },
                {
                    "x": 261.2402927120669,
                    "y": 153.39072847682118
                },
                {
                    "x": 188.2534348864994,
                    "y": 153.39072847682118
                }
            ]
        },
        {
            "id": "d5VV3OFPty",
            "type": "RECTANGLE",
            "tags": [
                "FresaMadura"
            ],
            "boundingBox": {
                "height": 93.11258278145695,
                "width": 111.194743130227,
                "left": 178.456541218638,
                "top": 145.5496688741722
            },
            "points": [
                {
                    "x": 178.456541218638,
                    "y": 145.5496688741722
                },
                {
                    "x": 289.651284348865,
                    "y": 145.5496688741722
                },
                {
                    "x": 289.651284348865,
                    "y": 238.66225165562915
                },
                {
                    "x": 178.456541218638,
                    "y": 238.66225165562915
                }
            ]
        }
    ],
    "version": "2.2.0"
}