{
    "asset": {
        "format": "jpg",
        "id": "e52a077268b7af11c1aacb52b85cc6ff",
        "name": "73.jpg",
        "path": "file:C:/Users/RSSpe/Desktop/strawberry-dataset/73.jpg",
        "size": {
            "width": 491,
            "height": 497
        },
        "state": 2,
        "type": 1
    },
    "regions": [
        {
            "id": "PTokYu3PRH",
            "type": "RECTANGLE",
            "tags": [
                "FresaInmadura"
            ],
            "boundingBox": {
                "height": 151.4039735099338,
                "width": 171.0686767169179,
                "left": 18.389368718592966,
                "top": 134.12417218543047
            },
            "points": [
                {
                    "x": 18.389368718592966,
                    "y": 134.12417218543047
                },
                {
                    "x": 189.45804543551088,
                    "y": 134.12417218543047
                },
                {
                    "x": 189.45804543551088,
                    "y": 285.52814569536423
                },
                {
                    "x": 18.389368718592966,
                    "y": 285.52814569536423
                }
            ]
        },
        {
            "id": "QdCfNZI3_c",
            "type": "RECTANGLE",
            "tags": [
                "FresaInmadura"
            ],
            "boundingBox": {
                "height": 140.70695364238412,
                "width": 153.7973199329983,
                "left": 326.80645414572865,
                "top": 139.06125827814571
            },
            "points": [
                {
                    "x": 326.80645414572865,
                    "y": 139.06125827814571
                },
                {
                    "x": 480.60377407872693,
                    "y": 139.06125827814571
                },
                {
                    "x": 480.60377407872693,
                    "y": 279.76821192052984
                },
                {
                    "x": 326.80645414572865,
                    "y": 279.76821192052984
                }
            ]
        },
        {
            "id": "yq4aSqls4n",
            "type": "RECTANGLE",
            "tags": [
                "FresaInmadura"
            ],
            "boundingBox": {
                "height": 230.3973509933775,
                "width": 205.31582391122276,
                "left": 128.59707391122276,
                "top": 172.79801324503313
            },
            "points": [
                {
                    "x": 128.59707391122276,
                    "y": 172.79801324503313
                },
                {
                    "x": 333.91289782244553,
                    "y": 172.79801324503313
                },
                {
                    "x": 333.91289782244553,
                    "y": 403.1953642384106
                },
                {
                    "x": 128.59707391122276,
                    "y": 403.1953642384106
                }
            ]
        },
        {
            "id": "W8ECwaDf3H",
            "type": "RECTANGLE",
            "tags": [
                "FresaInmadura"
            ],
            "boundingBox": {
                "height": 139.06125827814571,
                "width": 152.15242881072027,
                "left": 119.55017273869346,
                "top": 357.1158940397351
            },
            "points": [
                {
                    "x": 119.55017273869346,
                    "y": 357.1158940397351
                },
                {
                    "x": 271.7026015494137,
                    "y": 357.1158940397351
                },
                {
                    "x": 271.7026015494137,
                    "y": 496.1771523178808
                },
                {
                    "x": 119.55017273869346,
                    "y": 496.1771523178808
                }
            ]
        }
    ],
    "version": "2.2.0"
}