{
    "asset": {
        "format": "jpg",
        "id": "e6462b7a5ca9015a97f1cab4cb3cc223",
        "name": "78.jpg",
        "path": "file:C:/Users/RSSpe/Desktop/strawberry-dataset/78.jpg",
        "size": {
            "width": 626,
            "height": 415
        },
        "state": 2,
        "type": 1
    },
    "regions": [
        {
            "id": "pCI_UmiQYU",
            "type": "RECTANGLE",
            "tags": [
                "FresaMadura"
            ],
            "boundingBox": {
                "height": 225.32646048109967,
                "width": 202.4874715261959,
                "left": 112.65148063781321,
                "top": 126.23362328178695
            },
            "points": [
                {
                    "x": 112.65148063781321,
                    "y": 126.23362328178695
                },
                {
                    "x": 315.1389521640091,
                    "y": 126.23362328178695
                },
                {
                    "x": 315.1389521640091,
                    "y": 351.5600837628866
                },
                {
                    "x": 112.65148063781321,
                    "y": 351.5600837628866
                }
            ]
        },
        {
            "id": "e8G_YXJXUu",
            "type": "RECTANGLE",
            "tags": [
                "FresaMadura"
            ],
            "boundingBox": {
                "height": 198.25252362542955,
                "width": 203.20045558086554,
                "left": 309.4350797266514,
                "top": 148.31615120274915
            },
            "points": [
                {
                    "x": 309.4350797266514,
                    "y": 148.31615120274915
                },
                {
                    "x": 512.635535307517,
                    "y": 148.31615120274915
                },
                {
                    "x": 512.635535307517,
                    "y": 346.5686748281787
                },
                {
                    "x": 309.4350797266514,
                    "y": 346.5686748281787
                }
            ]
        }
    ],
    "version": "2.2.0"
}