{
    "asset": {
        "format": "jpg",
        "id": "e97c00dbe97a8a9ead7ff4ca1ab69a93",
        "name": "57.jpg",
        "path": "file:C:/Users/RSSpe/Desktop/strawberry-dataset/57.jpg",
        "size": {
            "width": 358,
            "height": 341
        },
        "state": 2,
        "type": 1
    },
    "regions": [
        {
            "id": "jqY_Tquf3b",
            "type": "RECTANGLE",
            "tags": [
                "FresaMadura"
            ],
            "boundingBox": {
                "height": 189.13079470198676,
                "width": 195.94006309148267,
                "left": 81.34759463722398,
                "top": 93.71854304635762
            },
            "points": [
                {
                    "x": 81.34759463722398,
                    "y": 93.71854304635762
                },
                {
                    "x": 277.2876577287066,
                    "y": 93.71854304635762
                },
                {
                    "x": 277.2876577287066,
                    "y": 282.8493377483444
                },
                {
                    "x": 81.34759463722398,
                    "y": 282.8493377483444
                }
            ]
        }
    ],
    "version": "2.2.0"
}