{
    "asset": {
        "format": "jpg",
        "id": "ed64f5be4873a7ba4c7b564da079b552",
        "name": "3.jpg",
        "path": "file:C:/Users/RSSpe/Desktop/strawberry-dataset/3.jpg",
        "size": {
            "width": 2048,
            "height": 1600
        },
        "state": 2,
        "type": 1
    },
    "regions": [
        {
            "id": "djpE591avk",
            "type": "RECTANGLE",
            "tags": [
                "FresaMadura"
            ],
            "boundingBox": {
                "height": 672.8476821192054,
                "width": 680.9003880983183,
                "left": 658.5459249676585,
                "top": 219.86754966887418
            },
            "points": [
                {
                    "x": 658.5459249676585,
                    "y": 219.86754966887418
                },
                {
                    "x": 1339.4463130659767,
                    "y": 219.86754966887418
                },
                {
                    "x": 1339.4463130659767,
                    "y": 892.7152317880796
                },
                {
                    "x": 658.5459249676585,
                    "y": 892.7152317880796
                }
            ]
        },
        {
            "id": "Bo66d6WD-Y",
            "type": "RECTANGLE",
            "tags": [
                "FresaMadura"
            ],
            "boundingBox": {
                "height": 487.4172185430464,
                "width": 548.4294954721863,
                "left": 131.31177231565331,
                "top": 643.7086092715232
            },
            "points": [
                {
                    "x": 131.31177231565331,
                    "y": 643.7086092715232
                },
                {
                    "x": 679.7412677878397,
                    "y": 643.7086092715232
                },
                {
                    "x": 679.7412677878397,
                    "y": 1131.1258278145697
                },
                {
                    "x": 131.31177231565331,
                    "y": 1131.1258278145697
                }
            ]
        },
        {
            "id": "XVpbHsxhml",
            "type": "RECTANGLE",
            "tags": [
                "FresaMadura"
            ],
            "boundingBox": {
                "height": 638.4105960264901,
                "width": 657.0556274256145,
                "left": 957.9301423027167,
                "top": 818.5430463576159
            },
            "points": [
                {
                    "x": 957.9301423027167,
                    "y": 818.5430463576159
                },
                {
                    "x": 1614.9857697283312,
                    "y": 818.5430463576159
                },
                {
                    "x": 1614.9857697283312,
                    "y": 1456.9536423841062
                },
                {
                    "x": 957.9301423027167,
                    "y": 1456.9536423841062
                }
            ]
        },
        {
            "id": "NTOZ5gE1t-",
            "type": "RECTANGLE",
            "tags": [
                "FresaMadura"
            ],
            "boundingBox": {
                "height": 614.5695364238411,
                "width": 572.27425614489,
                "left": 1291.7567917205693,
                "top": 638.4105960264901
            },
            "points": [
                {
                    "x": 1291.7567917205693,
                    "y": 638.4105960264901
                },
                {
                    "x": 1864.0310478654594,
                    "y": 638.4105960264901
                },
                {
                    "x": 1864.0310478654594,
                    "y": 1252.9801324503312
                },
                {
                    "x": 1291.7567917205693,
                    "y": 1252.9801324503312
                }
            ]
        },
        {
            "id": "N9jbMa4xiS",
            "type": "RECTANGLE",
            "tags": [
                "FresaMadura"
            ],
            "boundingBox": {
                "height": 561.5894039735097,
                "width": 621.1228978007763,
                "left": 279.6791720569212,
                "top": 807.94701986755
            },
            "points": [
                {
                    "x": 279.6791720569212,
                    "y": 807.94701986755
                },
                {
                    "x": 900.8020698576975,
                    "y": 807.94701986755
                },
                {
                    "x": 900.8020698576975,
                    "y": 1369.5364238410598
                },
                {
                    "x": 279.6791720569212,
                    "y": 1369.5364238410598
                }
            ]
        }
    ],
    "version": "2.2.0"
}