{
    "asset": {
        "format": "jpg",
        "id": "ee6d7464b621291cd41915babfd5d464",
        "name": "10.jpg",
        "path": "file:C:/Users/RSSpe/Desktop/strawberry-dataset/10.jpg",
        "size": {
            "width": 587,
            "height": 322
        },
        "state": 2,
        "type": 1
    },
    "regions": [
        {
            "id": "jVwQ5yVPKy",
            "type": "RECTANGLE",
            "tags": [
                "FresaMadura"
            ],
            "boundingBox": {
                "height": 227.10162601626016,
                "width": 199.59308807134894,
                "left": 76.56521739130436,
                "top": 14.418826219512194
            },
            "points": [
                {
                    "x": 76.56521739130436,
                    "y": 14.418826219512194
                },
                {
                    "x": 276.1583054626533,
                    "y": 14.418826219512194
                },
                {
                    "x": 276.1583054626533,
                    "y": 241.52045223577235
                },
                {
                    "x": 76.56521739130436,
                    "y": 241.52045223577235
                }
            ]
        },
        {
            "id": "q8azlEbCe-",
            "type": "RECTANGLE",
            "tags": [
                "FresaMadura"
            ],
            "boundingBox": {
                "height": 255.26435467479666,
                "width": 231.6588628762542,
                "left": 260.4526198439242,
                "top": 65.4471544715447
            },
            "points": [
                {
                    "x": 260.4526198439242,
                    "y": 65.4471544715447
                },
                {
                    "x": 492.1114827201784,
                    "y": 65.4471544715447
                },
                {
                    "x": 492.1114827201784,
                    "y": 320.71150914634137
                },
                {
                    "x": 260.4526198439242,
                    "y": 320.71150914634137
                }
            ]
        }
    ],
    "version": "2.2.0"
}