{
    "asset": {
        "format": "jpg",
        "id": "f05424bed01c4245309aa276a73fc040",
        "name": "62.jpg",
        "path": "file:C:/Users/RSSpe/Desktop/strawberry-dataset/62.jpg",
        "size": {
            "width": 626,
            "height": 355
        },
        "state": 2,
        "type": 1
    },
    "regions": [
        {
            "id": "Uyc3NFHYiy",
            "type": "RECTANGLE",
            "tags": [
                "FresaMadura"
            ],
            "boundingBox": {
                "height": 217.97,
                "width": 219.5618615209989,
                "left": 284.22247446084,
                "top": 104.236875
            },
            "points": [
                {
                    "x": 284.22247446084,
                    "y": 104.236875
                },
                {
                    "x": 503.78433598183886,
                    "y": 104.236875
                },
                {
                    "x": 503.78433598183886,
                    "y": 322.20687499999997
                },
                {
                    "x": 284.22247446084,
                    "y": 322.20687499999997
                }
            ]
        },
        {
            "id": "TwPcx0ri6U",
            "type": "RECTANGLE",
            "tags": [
                "FresaMadura"
            ],
            "boundingBox": {
                "height": 191.7,
                "width": 190.42905788876277,
                "left": 110.84676503972759,
                "top": 72.286875
            },
            "points": [
                {
                    "x": 110.84676503972759,
                    "y": 72.286875
                },
                {
                    "x": 301.27582292849036,
                    "y": 72.286875
                },
                {
                    "x": 301.27582292849036,
                    "y": 263.986875
                },
                {
                    "x": 110.84676503972759,
                    "y": 263.986875
                }
            ]
        },
        {
            "id": "Wfb_GOaFI-",
            "type": "RECTANGLE",
            "tags": [
                "FresaMadura"
            ],
            "boundingBox": {
                "height": 144.13,
                "width": 148.5062429057889,
                "left": 34.106696935300796,
                "top": 46.016875
            },
            "points": [
                {
                    "x": 34.106696935300796,
                    "y": 46.016875
                },
                {
                    "x": 182.61293984108968,
                    "y": 46.016875
                },
                {
                    "x": 182.61293984108968,
                    "y": 190.146875
                },
                {
                    "x": 34.106696935300796,
                    "y": 190.146875
                }
            ]
        },
        {
            "id": "myyQ6y1MYy",
            "type": "RECTANGLE",
            "tags": [
                "FresaMadura"
            ],
            "boundingBox": {
                "height": 127.08999999999999,
                "width": 137.1373439273553,
                "left": 270.7219069239501,
                "top": 32.526875
            },
            "points": [
                {
                    "x": 270.7219069239501,
                    "y": 32.526875
                },
                {
                    "x": 407.8592508513054,
                    "y": 32.526875
                },
                {
                    "x": 407.8592508513054,
                    "y": 159.616875
                },
                {
                    "x": 270.7219069239501,
                    "y": 159.616875
                }
            ]
        }
    ],
    "version": "2.2.0"
}