{
    "asset": {
        "format": "jpg",
        "id": "f2ad0bcdcc236909fa06dac80825c211",
        "name": "22.jpg",
        "path": "file:C:/Users/RSSpe/Desktop/strawberry-dataset/22.jpg",
        "size": {
            "width": 383,
            "height": 255
        },
        "state": 2,
        "type": 1
    },
    "regions": [
        {
            "id": "cQao9HZcUB",
            "type": "RECTANGLE",
            "tags": [
                "FresaMadura"
            ],
            "boundingBox": {
                "height": 99.9497487437186,
                "width": 86.67670011148272,
                "left": 190.43255295429208,
                "top": 117.72927135678393
            },
            "points": [
                {
                    "x": 190.43255295429208,
                    "y": 117.72927135678393
                },
                {
                    "x": 277.1092530657748,
                    "y": 117.72927135678393
                },
                {
                    "x": 277.1092530657748,
                    "y": 217.67902010050253
                },
                {
                    "x": 190.43255295429208,
                    "y": 217.67902010050253
                }
            ]
        },
        {
            "id": "fCNVvxKRZx",
            "type": "RECTANGLE",
            "tags": [
                "FresaInmadura"
            ],
            "boundingBox": {
                "height": 68.34170854271358,
                "width": 60.204013377926415,
                "left": 140.04905239687847,
                "top": 171.1212311557789
            },
            "points": [
                {
                    "x": 140.04905239687847,
                    "y": 171.1212311557789
                },
                {
                    "x": 200.2530657748049,
                    "y": 171.1212311557789
                },
                {
                    "x": 200.2530657748049,
                    "y": 239.46293969849248
                },
                {
                    "x": 140.04905239687847,
                    "y": 239.46293969849248
                }
            ]
        },
        {
            "id": "YCSa7uTe_s",
            "type": "RECTANGLE",
            "tags": [
                "FresaInmadura"
            ],
            "boundingBox": {
                "height": 43.140703517587944,
                "width": 42.27090301003344,
                "left": 96.49721293199553,
                "top": 155.74434673366835
            },
            "points": [
                {
                    "x": 96.49721293199553,
                    "y": 155.74434673366835
                },
                {
                    "x": 138.76811594202897,
                    "y": 155.74434673366835
                },
                {
                    "x": 138.76811594202897,
                    "y": 198.8850502512563
                },
                {
                    "x": 96.49721293199553,
                    "y": 198.8850502512563
                }
            ]
        },
        {
            "id": "whOMPvSwMZ",
            "type": "RECTANGLE",
            "tags": [
                "FresaInmadura"
            ],
            "boundingBox": {
                "height": 47.8391959798995,
                "width": 45.25975473801558,
                "left": 83.68784838350055,
                "top": 117.72927135678395
            },
            "points": [
                {
                    "x": 83.68784838350055,
                    "y": 117.72927135678395
                },
                {
                    "x": 128.94760312151612,
                    "y": 117.72927135678395
                },
                {
                    "x": 128.94760312151612,
                    "y": 165.56846733668345
                },
                {
                    "x": 83.68784838350055,
                    "y": 165.56846733668345
                }
            ]
        }
    ],
    "version": "2.2.0"
}