{
    "asset": {
        "format": "jpg",
        "id": "f87fa910000f880278dee15f5c5069b3",
        "name": "60.jpg",
        "path": "file:C:/Users/RSSpe/Desktop/strawberry-dataset/60.jpg",
        "size": {
            "width": 1300,
            "height": 867
        },
        "state": 2,
        "type": 1
    },
    "regions": [
        {
            "id": "xbsAQFUzC_",
            "type": "RECTANGLE",
            "tags": [
                "FresaMadura"
            ],
            "boundingBox": {
                "height": 768.5317283163265,
                "width": 1012.2587968217935,
                "left": 53.12145289443814,
                "top": 98.46827168367345
            },
            "points": [
                {
                    "x": 53.12145289443814,
                    "y": 98.46827168367345
                },
                {
                    "x": 1065.3802497162317,
                    "y": 98.46827168367345
                },
                {
                    "x": 1065.3802497162317,
                    "y": 867
                },
                {
                    "x": 53.12145289443814,
                    "y": 867
                }
            ]
        }
    ],
    "version": "2.2.0"
}