{
    "asset": {
        "format": "jpg",
        "id": "fb0d643df83d56b9fc9095d8547982ed",
        "name": "33.jpg",
        "path": "file:C:/Users/RSSpe/Desktop/strawberry-dataset/33.jpg",
        "size": {
            "width": 800,
            "height": 524
        },
        "state": 2,
        "type": 1
    },
    "regions": [
        {
            "id": "9RCvPFQjeT",
            "type": "RECTANGLE",
            "tags": [
                "FresaInmadura"
            ],
            "boundingBox": {
                "height": 60.78031634446397,
                "width": 48.8479262672811,
                "left": 226.72811059907835,
                "top": 131.94969244288225
            },
            "points": [
                {
                    "x": 226.72811059907835,
                    "y": 131.94969244288225
                },
                {
                    "x": 275.57603686635946,
                    "y": 131.94969244288225
                },
                {
                    "x": 275.57603686635946,
                    "y": 192.73000878734624
                },
                {
                    "x": 226.72811059907835,
                    "y": 192.73000878734624
                }
            ]
        },
        {
            "id": "KVJHRDvX0N",
            "type": "RECTANGLE",
            "tags": [
                "FresaInmadura"
            ],
            "boundingBox": {
                "height": 74.59402460456943,
                "width": 74.65437788018433,
                "left": 546.5437788018434,
                "top": 173.3908172231986
            },
            "points": [
                {
                    "x": 546.5437788018434,
                    "y": 173.3908172231986
                },
                {
                    "x": 621.1981566820276,
                    "y": 173.3908172231986
                },
                {
                    "x": 621.1981566820276,
                    "y": 247.984841827768
                },
                {
                    "x": 546.5437788018434,
                    "y": 247.984841827768
                }
            ]
        },
        {
            "id": "Rxs6CcwJn1",
            "type": "RECTANGLE",
            "tags": [
                "FresaInmadura"
            ],
            "boundingBox": {
                "height": 107.7469244288225,
                "width": 114.28571428571429,
                "left": 463.59447004608296,
                "top": 55.51384007029877
            },
            "points": [
                {
                    "x": 463.59447004608296,
                    "y": 55.51384007029877
                },
                {
                    "x": 577.8801843317973,
                    "y": 55.51384007029877
                },
                {
                    "x": 577.8801843317973,
                    "y": 163.26076449912128
                },
                {
                    "x": 463.59447004608296,
                    "y": 163.26076449912128
                }
            ]
        },
        {
            "id": "pQgPFlqyh1",
            "type": "RECTANGLE",
            "tags": [
                "FresaInmadura"
            ],
            "boundingBox": {
                "height": 148.00812829525495,
                "width": 137.32718894009213,
                "left": 378.8018433179723,
                "top": 345.60171353251303
            },
            "points": [
                {
                    "x": 378.8018433179723,
                    "y": 345.60171353251303
                },
                {
                    "x": 516.1290322580645,
                    "y": 345.60171353251303
                },
                {
                    "x": 516.1290322580645,
                    "y": 493.6098418277679
                },
                {
                    "x": 378.8018433179723,
                    "y": 493.6098418277679
                }
            ]
        },
        {
            "id": "ua0Mj4En3b",
            "type": "RECTANGLE",
            "tags": [
                "FresaInmadura"
            ],
            "boundingBox": {
                "height": 152.87170474516697,
                "width": 174.19354838709677,
                "left": 274.6543778801843,
                "top": 218.51559753954305
            },
            "points": [
                {
                    "x": 274.6543778801843,
                    "y": 218.51559753954305
                },
                {
                    "x": 448.8479262672811,
                    "y": 218.51559753954305
                },
                {
                    "x": 448.8479262672811,
                    "y": 371.38730228471
                },
                {
                    "x": 274.6543778801843,
                    "y": 371.38730228471
                }
            ]
        },
        {
            "id": "Xj3uiHg1jx",
            "type": "RECTANGLE",
            "tags": [
                "FresaInmadura"
            ],
            "boundingBox": {
                "height": 43.94485940246049,
                "width": 67.28110599078342,
                "left": 314.2857142857143,
                "top": 169.70716168717044
            },
            "points": [
                {
                    "x": 314.2857142857143,
                    "y": 169.70716168717044
                },
                {
                    "x": 381.5668202764977,
                    "y": 169.70716168717044
                },
                {
                    "x": 381.5668202764977,
                    "y": 213.65202108963092
                },
                {
                    "x": 314.2857142857143,
                    "y": 213.65202108963092
                }
            ]
        }
    ],
    "version": "2.2.0"
}