{
    "asset": {
        "format": "jpg",
        "id": "ff0a9e0567423f569ef0fe69705b9c99",
        "name": "64.jpg",
        "path": "file:C:/Users/RSSpe/Desktop/strawberry-dataset/64.jpg",
        "size": {
            "width": 552,
            "height": 250
        },
        "state": 2,
        "type": 1
    },
    "regions": [
        {
            "id": "0Qy2FwAMs7",
            "type": "RECTANGLE",
            "tags": [
                "FresaInmadura"
            ],
            "boundingBox": {
                "height": 125.6281407035176,
                "width": 115.05239179954442,
                "left": 42.123006833712985,
                "top": 82.80661118090453
            },
            "points": [
                {
                    "x": 42.123006833712985,
                    "y": 82.80661118090453
                },
                {
                    "x": 157.1753986332574,
                    "y": 82.80661118090453
                },
                {
                    "x": 157.1753986332574,
                    "y": 208.43475188442213
                },
                {
                    "x": 42.123006833712985,
                    "y": 208.43475188442213
                }
            ]
        },
        {
            "id": "kw_6y7pZWk",
            "type": "RECTANGLE",
            "tags": [
                "FresaInmadura"
            ],
            "boundingBox": {
                "height": 153.26633165829148,
                "width": 130.14123006833714,
                "left": 217.53075170842826,
                "top": 72.75635992462313
            },
            "points": [
                {
                    "x": 217.53075170842826,
                    "y": 72.75635992462313
                },
                {
                    "x": 347.6719817767654,
                    "y": 72.75635992462313
                },
                {
                    "x": 347.6719817767654,
                    "y": 226.0226915829146
                },
                {
                    "x": 217.53075170842826,
                    "y": 226.0226915829146
                }
            ]
        },
        {
            "id": "bmd0nttWqf",
            "type": "RECTANGLE",
            "tags": [
                "FresaMadura"
            ],
            "boundingBox": {
                "height": 178.391959798995,
                "width": 141.45785876993168,
                "left": 392.3097949886105,
                "top": 57.68098304020101
            },
            "points": [
                {
                    "x": 392.3097949886105,
                    "y": 57.68098304020101
                },
                {
                    "x": 533.7676537585422,
                    "y": 57.68098304020101
                },
                {
                    "x": 533.7676537585422,
                    "y": 236.072942839196
                },
                {
                    "x": 392.3097949886105,
                    "y": 236.072942839196
                }
            ]
        }
    ],
    "version": "2.2.0"
}