<annotation verified="yes">
    <folder>Annotation</folder>
    <filename>1.jpg</filename>
    <path>Fresas-PascalVOC-export/Annotations/1.jpg</path>
    <source>
        <database>Unknown</database>
    </source>
    <size>
        <width>933</width>
        <height>940</height>
        <depth>3</depth>
    </size>
    <segmented>0</segmented>
    <object>
    <name>FresaMadura</name>
    <pose>Unspecified</pose>
    <truncated>0</truncated>
    <difficult>0</difficult>
    <bndbox>
        <xmin>95.268046875</xmin>
        <ymin>94.93377483443709</ymin>
        <xmax>849.4430468749999</xmax>
        <ymax>835.7284768211921</ymax>
    </bndbox>
</object>
</annotation>
