<annotation verified="yes">
    <folder>Annotation</folder>
    <filename>10.jpg</filename>
    <path>Fresas-PascalVOC-export/Annotations/10.jpg</path>
    <source>
        <database>Unknown</database>
    </source>
    <size>
        <width>587</width>
        <height>322</height>
        <depth>3</depth>
    </size>
    <segmented>0</segmented>
    <object>
    <name>FresaMadura</name>
    <pose>Unspecified</pose>
    <truncated>0</truncated>
    <difficult>0</difficult>
    <bndbox>
        <xmin>76.56521739130436</xmin>
        <ymin>14.418826219512194</ymin>
        <xmax>276.1583054626533</xmax>
        <ymax>241.52045223577235</ymax>
    </bndbox>
</object><object>
    <name>FresaMadura</name>
    <pose>Unspecified</pose>
    <truncated>0</truncated>
    <difficult>0</difficult>
    <bndbox>
        <xmin>260.4526198439242</xmin>
        <ymin>65.4471544715447</ymin>
        <xmax>492.1114827201784</xmax>
        <ymax>320.71150914634137</ymax>
    </bndbox>
</object>
</annotation>
