<annotation verified="yes">
    <folder>Annotation</folder>
    <filename>11.jpg</filename>
    <path>Fresas-PascalVOC-export/Annotations/11.jpg</path>
    <source>
        <database>Unknown</database>
    </source>
    <size>
        <width>1600</width>
        <height>991</height>
        <depth>3</depth>
    </size>
    <segmented>0</segmented>
    <object>
    <name>FresaMadura</name>
    <pose>Unspecified</pose>
    <truncated>0</truncated>
    <difficult>0</difficult>
    <bndbox>
        <xmin>181.93979933110367</xmin>
        <ymin>24.59119267086331</ymin>
        <xmax>435.2285395763656</xmax>
        <ymax>252.73507756294964</ymax>
    </bndbox>
</object><object>
    <name>FresaMadura</name>
    <pose>Unspecified</pose>
    <truncated>0</truncated>
    <difficult>0</difficult>
    <bndbox>
        <xmin>246.15384615384616</xmin>
        <ymin>352.54802720323744</ymin>
        <xmax>576.1426978818283</xmax>
        <ymax>723.2818401528777</ymax>
    </bndbox>
</object><object>
    <name>FresaMadura</name>
    <pose>Unspecified</pose>
    <truncated>0</truncated>
    <difficult>0</difficult>
    <bndbox>
        <xmin>809.8104793756968</xmin>
        <ymin>258.08219986510784</ymin>
        <xmax>1303.9018952062434</xmax>
        <ymax>889.4046762589928</ymax>
    </bndbox>
</object><object>
    <name>FresaMadura</name>
    <pose>Unspecified</pose>
    <truncated>0</truncated>
    <difficult>0</difficult>
    <bndbox>
        <xmin>536.9007803790413</xmin>
        <ymin>607.7895683453238</ymin>
        <xmax>816.9453734671127</xmax>
        <ymax>930.037235836331</ymax>
    </bndbox>
</object>
</annotation>
