<annotation verified="yes">
    <folder>Annotation</folder>
    <filename>12.jpg</filename>
    <path>Fresas-PascalVOC-export/Annotations/12.jpg</path>
    <source>
        <database>Unknown</database>
    </source>
    <size>
        <width>2121</width>
        <height>1414</height>
        <depth>3</depth>
    </size>
    <segmented>0</segmented>
    <object>
    <name>FresaMadura</name>
    <pose>Unspecified</pose>
    <truncated>0</truncated>
    <difficult>0</difficult>
    <bndbox>
        <xmin>924.5384615384615</xmin>
        <ymin>487.09698996655516</ymin>
        <xmax>1101.8795986622074</xmax>
        <ymax>714.0936454849498</ymax>
    </bndbox>
</object><object>
    <name>FresaMadura</name>
    <pose>Unspecified</pose>
    <truncated>0</truncated>
    <difficult>0</difficult>
    <bndbox>
        <xmin>1191.732441471572</xmin>
        <ymin>600.5953177257525</ymin>
        <xmax>1380.896321070234</xmax>
        <ymax>844.14381270903</ymax>
    </bndbox>
</object><object>
    <name>FresaMadura</name>
    <pose>Unspecified</pose>
    <truncated>0</truncated>
    <difficult>0</difficult>
    <bndbox>
        <xmin>1312.324414715719</xmin>
        <ymin>380.6923076923077</ymin>
        <xmax>1506.2173913043478</xmax>
        <ymax>617.1471571906354</ymax>
    </bndbox>
</object><object>
    <name>FresaMadura</name>
    <pose>Unspecified</pose>
    <truncated>0</truncated>
    <difficult>0</difficult>
    <bndbox>
        <xmin>1527.4983277591973</xmin>
        <ymin>489.46153846153845</ymin>
        <xmax>1704.839464882943</xmax>
        <ymax>718.8227424749164</ymax>
    </bndbox>
</object><object>
    <name>FresaMadura</name>
    <pose>Unspecified</pose>
    <truncated>0</truncated>
    <difficult>0</difficult>
    <bndbox>
        <xmin>1834.8896321070233</xmin>
        <ymin>241.1839464882943</ymin>
        <xmax>1981.4916387959865</xmax>
        <ymax>430.3478260869565</ymax>
    </bndbox>
</object><object>
    <name>FresaMadura</name>
    <pose>Unspecified</pose>
    <truncated>0</truncated>
    <difficult>0</difficult>
    <bndbox>
        <xmin>1153.8996655518395</xmin>
        <ymin>881.9765886287626</ymin>
        <xmax>1307.5953177257525</xmax>
        <ymax>1071.1404682274247</ymax>
    </bndbox>
</object><object>
    <name>FresaMadura</name>
    <pose>Unspecified</pose>
    <truncated>0</truncated>
    <difficult>0</difficult>
    <bndbox>
        <xmin>1385.6254180602007</xmin>
        <ymin>905.6220735785953</ymin>
        <xmax>1567.695652173913</xmax>
        <ymax>1108.9732441471572</ymax>
    </bndbox>
</object><object>
    <name>FresaMadura</name>
    <pose>Unspecified</pose>
    <truncated>0</truncated>
    <difficult>0</difficult>
    <bndbox>
        <xmin>1248.4816053511706</xmin>
        <ymin>997.8394648829432</ymin>
        <xmax>1440.0100334448161</xmax>
        <ymax>1262.6688963210702</ymax>
    </bndbox>
</object><object>
    <name>FresaMadura</name>
    <pose>Unspecified</pose>
    <truncated>0</truncated>
    <difficult>0</difficult>
    <bndbox>
        <xmin>1711.933110367893</xmin>
        <ymin>409.066889632107</ymin>
        <xmax>1894.0033444816054</xmax>
        <ymax>643.1571906354515</ymax>
    </bndbox>
</object><object>
    <name>FresaMadura</name>
    <pose>Unspecified</pose>
    <truncated>0</truncated>
    <difficult>0</difficult>
    <bndbox>
        <xmin>659.7090301003344</xmin>
        <ymin>399.60869565217394</ymin>
        <xmax>811.0401337792641</xmax>
        <ymax>591.1371237458194</ymax>
    </bndbox>
</object><object>
    <name>FresaMadura</name>
    <pose>Unspecified</pose>
    <truncated>0</truncated>
    <difficult>0</difficult>
    <bndbox>
        <xmin>482.3678929765886</xmin>
        <ymin>411.4314381270903</ymin>
        <xmax>640.7926421404682</xmax>
        <ymax>591.1371237458194</ymax>
    </bndbox>
</object><object>
    <name>FresaMadura</name>
    <pose>Unspecified</pose>
    <truncated>0</truncated>
    <difficult>0</difficult>
    <bndbox>
        <xmin>326.3076923076923</xmin>
        <ymin>361.7759197324415</ymin>
        <xmax>503.6488294314381</xmax>
        <ymax>562.7625418060201</ymax>
    </bndbox>
</object><object>
    <name>FresaMadura</name>
    <pose>Unspecified</pose>
    <truncated>0</truncated>
    <difficult>0</difficult>
    <bndbox>
        <xmin>40.197324414715716</xmin>
        <ymin>867.7892976588629</ymin>
        <xmax>179.7056856187291</xmax>
        <ymax>1049.8595317725753</ymax>
    </bndbox>
</object><object>
    <name>FresaMadura</name>
    <pose>Unspecified</pose>
    <truncated>0</truncated>
    <difficult>0</difficult>
    <bndbox>
        <xmin>120.59197324414716</xmin>
        <ymin>976.5585284280936</ymin>
        <xmax>276.6521739130435</xmax>
        <ymax>1172.8160535117056</ymax>
    </bndbox>
</object>
</annotation>
