<annotation verified="yes">
    <folder>Annotation</folder>
    <filename>123.jpg</filename>
    <path>Fresas-PascalVOC-export/Annotations/123.jpg</path>
    <source>
        <database>Unknown</database>
    </source>
    <size>
        <width>626</width>
        <height>408</height>
        <depth>3</depth>
    </size>
    <segmented>0</segmented>
    <object>
    <name>FresaMadura</name>
    <pose>Unspecified</pose>
    <truncated>0</truncated>
    <difficult>0</difficult>
    <bndbox>
        <xmin>235.8840579710145</xmin>
        <ymin>190.62884615384615</ymin>
        <xmax>465.4871794871795</xmax>
        <ymax>360.1057692307692</ymax>
    </bndbox>
</object><object>
    <name>FresaMadura</name>
    <pose>Unspecified</pose>
    <truncated>0</truncated>
    <difficult>0</difficult>
    <bndbox>
        <xmin>409.6566332218506</xmin>
        <ymin>85.31602564102563</ymin>
        <xmax>547.139353400223</xmax>
        <ymax>238.75192307692305</ymax>
    </bndbox>
</object><object>
    <name>FresaMadura</name>
    <pose>Unspecified</pose>
    <truncated>0</truncated>
    <difficult>0</difficult>
    <bndbox>
        <xmin>287.5273132664437</xmin>
        <ymin>97.86987179487178</ymin>
        <xmax>431.98885172798214</xmax>
        <ymax>258.2801282051282</ymax>
    </bndbox>
</object><object>
    <name>FresaMadura</name>
    <pose>Unspecified</pose>
    <truncated>0</truncated>
    <difficult>0</difficult>
    <bndbox>
        <xmin>124.92084726867336</xmin>
        <ymin>143.90064102564102</ymin>
        <xmax>286.13154960981046</xmax>
        <ymax>306.4032051282051</ymax>
    </bndbox>
</object><object>
    <name>FresaMadura</name>
    <pose>Unspecified</pose>
    <truncated>0</truncated>
    <difficult>0</difficult>
    <bndbox>
        <xmin>69.78818283166109</xmin>
        <ymin>106.23910256410255</ymin>
        <xmax>214.94760312151615</xmax>
        <ymax>247.8185897435897</ymax>
    </bndbox>
</object>
</annotation>
