<annotation verified="yes">
    <folder>Annotation</folder>
    <filename>13.jpg</filename>
    <path>Fresas-PascalVOC-export/Annotations/13.jpg</path>
    <source>
        <database>Unknown</database>
    </source>
    <size>
        <width>1184</width>
        <height>663</height>
        <depth>3</depth>
    </size>
    <segmented>0</segmented>
    <object>
    <name>FresaInmadura</name>
    <pose>Unspecified</pose>
    <truncated>0</truncated>
    <difficult>0</difficult>
    <bndbox>
        <xmin>1007.1259754738015</xmin>
        <ymin>182.46532619521912</ymin>
        <xmax>1184</xmax>
        <ymax>364.7242903386454</ymax>
    </bndbox>
</object><object>
    <name>FresaInmadura</name>
    <pose>Unspecified</pose>
    <truncated>0</truncated>
    <difficult>0</difficult>
    <bndbox>
        <xmin>0</xmin>
        <ymin>14.734250498007963</ymin>
        <xmax>270.59085841694537</xmax>
        <ymax>311.8956050796812</ymax>
    </bndbox>
</object><object>
    <name>FresaInmadura</name>
    <pose>Unspecified</pose>
    <truncated>0</truncated>
    <difficult>0</difficult>
    <bndbox>
        <xmin>863.2508361204013</xmin>
        <ymin>0</ymin>
        <xmax>1074.44370122631</xmax>
        <ymax>152.08883217131472</ymax>
    </bndbox>
</object><object>
    <name>FresaMadura</name>
    <pose>Unspecified</pose>
    <truncated>0</truncated>
    <difficult>0</difficult>
    <bndbox>
        <xmin>694.2965440356744</xmin>
        <ymin>364.7242903386454</ymin>
        <xmax>939.8082497212931</xmax>
        <ymax>649.9991907370518</ymax>
    </bndbox>
</object><object>
    <name>FresaMadura</name>
    <pose>Unspecified</pose>
    <truncated>0</truncated>
    <difficult>0</difficult>
    <bndbox>
        <xmin>447.4648829431437</xmin>
        <ymin>161.33385209163345</ymin>
        <xmax>797.2530657748049</xmax>
        <ymax>513.965326195219</ymax>
    </bndbox>
</object><object>
    <name>FresaInmadura</name>
    <pose>Unspecified</pose>
    <truncated>0</truncated>
    <difficult>0</difficult>
    <bndbox>
        <xmin>212.51282051282047</xmin>
        <ymin>200.95536603585657</ymin>
        <xmax>446.1449275362319</xmax>
        <ymax>405.4601593625498</ymax>
    </bndbox>
</object><object>
    <name>FresaInmadura</name>
    <pose>Unspecified</pose>
    <truncated>0</truncated>
    <difficult>0</difficult>
    <bndbox>
        <xmin>357.7079152731326</xmin>
        <ymin>311.8956050796813</ymin>
        <xmax>512.1426978818283</xmax>
        <ymax>505.83466135458167</ymax>
    </bndbox>
</object>
</annotation>
