<annotation verified="yes">
    <folder>Annotation</folder>
    <filename>14.jpg</filename>
    <path>Fresas-PascalVOC-export/Annotations/14.jpg</path>
    <source>
        <database>Unknown</database>
    </source>
    <size>
        <width>1011</width>
        <height>682</height>
        <depth>3</depth>
    </size>
    <segmented>0</segmented>
    <object>
    <name>FresaInmadura</name>
    <pose>Unspecified</pose>
    <truncated>0</truncated>
    <difficult>0</difficult>
    <bndbox>
        <xmin>43.13694134078212</xmin>
        <ymin>185.1788079470199</ymin>
        <xmax>487.0732541899442</xmax>
        <ymax>640.2218543046358</ymax>
    </bndbox>
</object><object>
    <name>FresaInmadura</name>
    <pose>Unspecified</pose>
    <truncated>0</truncated>
    <difficult>0</difficult>
    <bndbox>
        <xmin>511.92465083798885</xmin>
        <ymin>152.4337748344371</ymin>
        <xmax>897.1212988826817</xmax>
        <ymax>645.8675496688743</ymax>
    </bndbox>
</object>
</annotation>
