<annotation verified="yes">
    <folder>Annotation</folder>
    <filename>15.jpg</filename>
    <path>Fresas-PascalVOC-export/Annotations/15.jpg</path>
    <source>
        <database>Unknown</database>
    </source>
    <size>
        <width>403</width>
        <height>609</height>
        <depth>3</depth>
    </size>
    <segmented>0</segmented>
    <object>
    <name>FresaMadura</name>
    <pose>Unspecified</pose>
    <truncated>0</truncated>
    <difficult>0</difficult>
    <bndbox>
        <xmin>149.47207031250002</xmin>
        <ymin>224.8460264900662</ymin>
        <xmax>310.67207031250007</xmax>
        <ymax>378.10430463576154</ymax>
    </bndbox>
</object><object>
    <name>FresaInmadura</name>
    <pose>Unspecified</pose>
    <truncated>0</truncated>
    <difficult>0</difficult>
    <bndbox>
        <xmin>278.4320703125</xmin>
        <ymin>347.85596026490066</ymin>
        <xmax>398.3245703125</xmax>
        <ymax>500.10596026490066</ymax>
    </bndbox>
</object><object>
    <name>FresaInmadura</name>
    <pose>Unspecified</pose>
    <truncated>0</truncated>
    <difficult>0</difficult>
    <bndbox>
        <xmin>166.59957031250002</xmin>
        <ymin>389.1953642384106</ymin>
        <xmax>295.5595703125</xmax>
        <ymax>555.5612582781457</ymax>
    </bndbox>
</object><object>
    <name>FresaInmadura</name>
    <pose>Unspecified</pose>
    <truncated>0</truncated>
    <difficult>0</difficult>
    <bndbox>
        <xmin>61.819570312500005</xmin>
        <ymin>362.9801324503311</ymin>
        <xmax>176.6745703125</xmax>
        <ymax>459.77483443708604</ymax>
    </bndbox>
</object><object>
    <name>FresaInmadura</name>
    <pose>Unspecified</pose>
    <truncated>0</truncated>
    <difficult>0</difficult>
    <bndbox>
        <xmin>110.1795703125</xmin>
        <ymin>439.6092715231788</ymin>
        <xmax>186.7495703125</xmax>
        <ymax>583.7930463576158</ymax>
    </bndbox>
</object>
</annotation>
