<annotation verified="yes">
    <folder>Annotation</folder>
    <filename>16.jpg</filename>
    <path>Fresas-PascalVOC-export/Annotations/16.jpg</path>
    <source>
        <database>Unknown</database>
    </source>
    <size>
        <width>717</width>
        <height>652</height>
        <depth>3</depth>
    </size>
    <segmented>0</segmented>
    <object>
    <name>FresaInmadura</name>
    <pose>Unspecified</pose>
    <truncated>0</truncated>
    <difficult>0</difficult>
    <bndbox>
        <xmin>94.6022919804217</xmin>
        <ymin>208.33774834437085</ymin>
        <xmax>363.4772919804217</xmax>
        <ymax>519.2251655629138</ymax>
    </bndbox>
</object><object>
    <name>FresaInmadura</name>
    <pose>Unspecified</pose>
    <truncated>0</truncated>
    <difficult>0</difficult>
    <bndbox>
        <xmin>395.87187029367476</xmin>
        <ymin>139.25165562913907</ymin>
        <xmax>602.1173522213857</xmax>
        <ymax>382.1324503311258</ymax>
    </bndbox>
</object><object>
    <name>FresaInmadura</name>
    <pose>Unspecified</pose>
    <truncated>0</truncated>
    <difficult>0</difficult>
    <bndbox>
        <xmin>556.7649425828314</xmin>
        <ymin>260.15231788079467</ymin>
        <xmax>715.4983763177712</xmax>
        <ymax>472.80794701986747</ymax>
    </bndbox>
</object><object>
    <name>FresaInmadura</name>
    <pose>Unspecified</pose>
    <truncated>0</truncated>
    <difficult>0</difficult>
    <bndbox>
        <xmin>342.9607257153615</xmin>
        <ymin>403.72185430463577</ymin>
        <xmax>550.2860269201808</xmax>
        <ymax>601.2649006622516</ymax>
    </bndbox>
</object>
</annotation>
