<annotation verified="yes">
    <folder>Annotation</folder>
    <filename>17.jpg</filename>
    <path>Fresas-PascalVOC-export/Annotations/17.jpg</path>
    <source>
        <database>Unknown</database>
    </source>
    <size>
        <width>992</width>
        <height>769</height>
        <depth>3</depth>
    </size>
    <segmented>0</segmented>
    <object>
    <name>FresaInmadura</name>
    <pose>Unspecified</pose>
    <truncated>0</truncated>
    <difficult>0</difficult>
    <bndbox>
        <xmin>187.29332477535303</xmin>
        <ymin>220.25993377483445</ymin>
        <xmax>859.6630295250322</xmax>
        <ymax>769</ymax>
    </bndbox>
</object>
</annotation>
