<annotation verified="yes">
    <folder>Annotation</folder>
    <filename>18.jpg</filename>
    <path>Fresas-PascalVOC-export/Annotations/18.jpg</path>
    <source>
        <database>Unknown</database>
    </source>
    <size>
        <width>225</width>
        <height>151</height>
        <depth>3</depth>
    </size>
    <segmented>0</segmented>
    <object>
    <name>FresaInmadura</name>
    <pose>Unspecified</pose>
    <truncated>0</truncated>
    <difficult>0</difficult>
    <bndbox>
        <xmin>54.68227424749164</xmin>
        <ymin>47.156146179401986</ymin>
        <xmax>92.3076923076923</xmax>
        <ymax>80.76744186046511</ymax>
    </bndbox>
</object><object>
    <name>FresaInmadura</name>
    <pose>Unspecified</pose>
    <truncated>0</truncated>
    <difficult>0</difficult>
    <bndbox>
        <xmin>173.07692307692307</xmin>
        <ymin>28.09302325581395</ymin>
        <xmax>208.94648829431438</xmax>
        <ymax>61.20265780730897</ymax>
    </bndbox>
</object><object>
    <name>FresaInmadura</name>
    <pose>Unspecified</pose>
    <truncated>0</truncated>
    <difficult>0</difficult>
    <bndbox>
        <xmin>22.5752508361204</xmin>
        <ymin>46.90531561461793</ymin>
        <xmax>52.17391304347826</xmax>
        <ymax>72.7408637873754</ymax>
    </bndbox>
</object><object>
    <name>FresaMadura</name>
    <pose>Unspecified</pose>
    <truncated>0</truncated>
    <difficult>0</difficult>
    <bndbox>
        <xmin>112.876254180602</xmin>
        <ymin>68.97840531561461</ymin>
        <xmax>175.58528428093643</xmax>
        <ymax>137.20431893687706</ymax>
    </bndbox>
</object><object>
    <name>FresaInmadura</name>
    <pose>Unspecified</pose>
    <truncated>0</truncated>
    <difficult>0</difficult>
    <bndbox>
        <xmin>162.29096989966555</xmin>
        <ymin>61.45348837209302</ymin>
        <xmax>206.438127090301</xmax>
        <ymax>103.59302325581395</ymax>
    </bndbox>
</object><object>
    <name>FresaMadura</name>
    <pose>Unspecified</pose>
    <truncated>0</truncated>
    <difficult>0</difficult>
    <bndbox>
        <xmin>14.297658862876254</xmin>
        <ymin>85.03156146179401</ymin>
        <xmax>57.441471571906355</xmax>
        <ymax>122.40531561461793</ymax>
    </bndbox>
</object><object>
    <name>FresaMadura</name>
    <pose>Unspecified</pose>
    <truncated>0</truncated>
    <difficult>0</difficult>
    <bndbox>
        <xmin>67.97658862876254</xmin>
        <ymin>62.20598006644518</ymin>
        <xmax>118.64548494983278</xmax>
        <ymax>110.61627906976744</ymax>
    </bndbox>
</object>
</annotation>
