<annotation verified="yes">
    <folder>Annotation</folder>
    <filename>19.jpg</filename>
    <path>Fresas-PascalVOC-export/Annotations/19.jpg</path>
    <source>
        <database>Unknown</database>
    </source>
    <size>
        <width>800</width>
        <height>600</height>
        <depth>3</depth>
    </size>
    <segmented>0</segmented>
    <object>
    <name>FresaMadura</name>
    <pose>Unspecified</pose>
    <truncated>0</truncated>
    <difficult>0</difficult>
    <bndbox>
        <xmin>141.2888198757764</xmin>
        <ymin>150.9933774834437</ymin>
        <xmax>493.0900621118012</xmax>
        <ymax>522.5165562913908</ymax>
    </bndbox>
</object><object>
    <name>FresaMadura</name>
    <pose>Unspecified</pose>
    <truncated>0</truncated>
    <difficult>0</difficult>
    <bndbox>
        <xmin>0</xmin>
        <ymin>0.9933774834437086</ymin>
        <xmax>207.8726708074534</xmax>
        <ymax>225.49668874172184</ymax>
    </bndbox>
</object>
</annotation>
