<annotation verified="yes">
    <folder>Annotation</folder>
    <filename>2.jpg</filename>
    <path>Fresas-PascalVOC-export/Annotations/2.jpg</path>
    <source>
        <database>Unknown</database>
    </source>
    <size>
        <width>1200</width>
        <height>1600</height>
        <depth>3</depth>
    </size>
    <segmented>0</segmented>
    <object>
    <name>FresaMadura</name>
    <pose>Unspecified</pose>
    <truncated>0</truncated>
    <difficult>0</difficult>
    <bndbox>
        <xmin>37.08609271523179</xmin>
        <ymin>312.5827814569537</ymin>
        <xmax>1162.9139072847684</xmax>
        <ymax>1456.953642384106</ymax>
    </bndbox>
</object>
</annotation>
