<annotation verified="yes">
    <folder>Annotation</folder>
    <filename>20.jpg</filename>
    <path>Fresas-PascalVOC-export/Annotations/20.jpg</path>
    <source>
        <database>Unknown</database>
    </source>
    <size>
        <width>607</width>
        <height>457</height>
        <depth>3</depth>
    </size>
    <segmented>0</segmented>
    <object>
    <name>FresaMadura</name>
    <pose>Unspecified</pose>
    <truncated>0</truncated>
    <difficult>0</difficult>
    <bndbox>
        <xmin>222.23238778054863</xmin>
        <ymin>143.00165562913907</ymin>
        <xmax>397.82341022443893</xmax>
        <ymax>326.1043046357616</ymax>
    </bndbox>
</object><object>
    <name>FresaMadura</name>
    <pose>Unspecified</pose>
    <truncated>0</truncated>
    <difficult>0</difficult>
    <bndbox>
        <xmin>334.2473503740648</xmin>
        <ymin>304.91887417218544</ymin>
        <xmax>490.1600685785536</xmax>
        <ymax>451.703642384106</ymax>
    </bndbox>
</object><object>
    <name>FresaMadura</name>
    <pose>Unspecified</pose>
    <truncated>0</truncated>
    <difficult>0</difficult>
    <bndbox>
        <xmin>483.34834788029923</xmin>
        <ymin>4.539735099337749</ymin>
        <xmax>578.2394014962593</xmax>
        <ymax>92.30794701986756</ymax>
    </bndbox>
</object><object>
    <name>FresaMadura</name>
    <pose>Unspecified</pose>
    <truncated>0</truncated>
    <difficult>0</difficult>
    <bndbox>
        <xmin>428.09772443890273</xmin>
        <ymin>145.27152317880797</ymin>
        <xmax>534.0578241895262</xmax>
        <ymax>254.22516556291393</ymax>
    </bndbox>
</object><object>
    <name>FresaMadura</name>
    <pose>Unspecified</pose>
    <truncated>0</truncated>
    <difficult>0</difficult>
    <bndbox>
        <xmin>123.08400872817955</xmin>
        <ymin>302.6490066225166</ymin>
        <xmax>241.15383416458855</xmax>
        <ymax>414.6291390728477</ymax>
    </bndbox>
</object><object>
    <name>FresaMadura</name>
    <pose>Unspecified</pose>
    <truncated>0</truncated>
    <difficult>0</difficult>
    <bndbox>
        <xmin>239.16708229426433</xmin>
        <ymin>6.052980132450331</ymin>
        <xmax>298.6750311720698</xmax>
        <ymax>68.09602649006624</ymax>
    </bndbox>
</object><object>
    <name>FresaMadura</name>
    <pose>Unspecified</pose>
    <truncated>0</truncated>
    <difficult>0</difficult>
    <bndbox>
        <xmin>27.719918952618453</xmin>
        <ymin>0.7566225165562914</ymin>
        <xmax>271.42814837905235</xmax>
        <ymax>236.8228476821192</ymax>
    </bndbox>
</object>
</annotation>
