<annotation verified="yes">
    <folder>Annotation</folder>
    <filename>21.jpg</filename>
    <path>Fresas-PascalVOC-export/Annotations/21.jpg</path>
    <source>
        <database>Unknown</database>
    </source>
    <size>
        <width>626</width>
        <height>415</height>
        <depth>3</depth>
    </size>
    <segmented>0</segmented>
    <object>
    <name>FresaMadura</name>
    <pose>Unspecified</pose>
    <truncated>0</truncated>
    <difficult>0</difficult>
    <bndbox>
        <xmin>0</xmin>
        <ymin>28.83639705882353</ymin>
        <xmax>97.00557413600892</xmax>
        <ymax>157.87001050420167</ymax>
    </bndbox>
</object><object>
    <name>FresaMadura</name>
    <pose>Unspecified</pose>
    <truncated>0</truncated>
    <difficult>0</difficult>
    <bndbox>
        <xmin>140.2742474916388</xmin>
        <ymin>147.4078256302521</ymin>
        <xmax>346.149386845039</xmax>
        <ymax>357.3490021008403</ymax>
    </bndbox>
</object><object>
    <name>FresaMadura</name>
    <pose>Unspecified</pose>
    <truncated>0</truncated>
    <difficult>0</difficult>
    <bndbox>
        <xmin>261.7056856187291</xmin>
        <ymin>3.029674369747899</ymin>
        <xmax>387.32441471571906</xmax>
        <ymax>124.39101890756301</ymax>
    </bndbox>
</object><object>
    <name>FresaMadura</name>
    <pose>Unspecified</pose>
    <truncated>0</truncated>
    <difficult>0</difficult>
    <bndbox>
        <xmin>553.4202898550725</xmin>
        <ymin>88.12211134453781</ymin>
        <xmax>626</xmax>
        <ymax>254.81959033613444</ymax>
    </bndbox>
</object><object>
    <name>FresaMadura</name>
    <pose>Unspecified</pose>
    <truncated>0</truncated>
    <difficult>0</difficult>
    <bndbox>
        <xmin>450.13377926421407</xmin>
        <ymin>286.20614495798316</ymin>
        <xmax>626</xmax>
        <ymax>414.99999999999994</ymax>
    </bndbox>
</object><object>
    <name>FresaMadura</name>
    <pose>Unspecified</pose>
    <truncated>0</truncated>
    <difficult>0</difficult>
    <bndbox>
        <xmin>316.8383500557414</xmin>
        <ymin>56.038077731092436</ymin>
        <xmax>498.2876254180602</xmax>
        <ymax>224.13051470588235</ymax>
    </bndbox>
</object>
</annotation>
