<annotation verified="yes">
    <folder>Annotation</folder>
    <filename>22.jpg</filename>
    <path>Fresas-PascalVOC-export/Annotations/22.jpg</path>
    <source>
        <database>Unknown</database>
    </source>
    <size>
        <width>383</width>
        <height>255</height>
        <depth>3</depth>
    </size>
    <segmented>0</segmented>
    <object>
    <name>FresaMadura</name>
    <pose>Unspecified</pose>
    <truncated>0</truncated>
    <difficult>0</difficult>
    <bndbox>
        <xmin>190.43255295429208</xmin>
        <ymin>117.72927135678393</ymin>
        <xmax>277.1092530657748</xmax>
        <ymax>217.67902010050253</ymax>
    </bndbox>
</object><object>
    <name>FresaInmadura</name>
    <pose>Unspecified</pose>
    <truncated>0</truncated>
    <difficult>0</difficult>
    <bndbox>
        <xmin>140.04905239687847</xmin>
        <ymin>171.1212311557789</ymin>
        <xmax>200.2530657748049</xmax>
        <ymax>239.46293969849248</ymax>
    </bndbox>
</object><object>
    <name>FresaInmadura</name>
    <pose>Unspecified</pose>
    <truncated>0</truncated>
    <difficult>0</difficult>
    <bndbox>
        <xmin>96.49721293199553</xmin>
        <ymin>155.74434673366835</ymin>
        <xmax>138.76811594202897</xmax>
        <ymax>198.8850502512563</ymax>
    </bndbox>
</object><object>
    <name>FresaInmadura</name>
    <pose>Unspecified</pose>
    <truncated>0</truncated>
    <difficult>0</difficult>
    <bndbox>
        <xmin>83.68784838350055</xmin>
        <ymin>117.72927135678395</ymin>
        <xmax>128.94760312151612</xmax>
        <ymax>165.56846733668345</ymax>
    </bndbox>
</object>
</annotation>
