<annotation verified="yes">
    <folder>Annotation</folder>
    <filename>23.jpg</filename>
    <path>Fresas-PascalVOC-export/Annotations/23.jpg</path>
    <source>
        <database>Unknown</database>
    </source>
    <size>
        <width>214</width>
        <height>192</height>
        <depth>3</depth>
    </size>
    <segmented>0</segmented>
    <object>
    <name>FresaMadura</name>
    <pose>Unspecified</pose>
    <truncated>0</truncated>
    <difficult>0</difficult>
    <bndbox>
        <xmin>65.53849368499257</xmin>
        <ymin>80.10596026490066</ymin>
        <xmax>147.57712667161962</xmax>
        <ymax>158.62251655629137</ymax>
    </bndbox>
</object><object>
    <name>FresaMadura</name>
    <pose>Unspecified</pose>
    <truncated>0</truncated>
    <difficult>0</difficult>
    <bndbox>
        <xmin>134.8579587667162</xmin>
        <ymin>3.814569536423841</ymin>
        <xmax>214</xmax>
        <ymax>100.45033112582783</ymax>
    </bndbox>
</object><object>
    <name>FresaMadura</name>
    <pose>Unspecified</pose>
    <truncated>0</truncated>
    <difficult>0</difficult>
    <bndbox>
        <xmin>121.5028324665676</xmin>
        <ymin>129.05960264900662</ymin>
        <xmax>202.90550705794948</xmax>
        <ymax>192</ymax>
    </bndbox>
</object>
</annotation>
