<annotation verified="yes">
    <folder>Annotation</folder>
    <filename>24.jpg</filename>
    <path>Fresas-PascalVOC-export/Annotations/24.jpg</path>
    <source>
        <database>Unknown</database>
    </source>
    <size>
        <width>448</width>
        <height>326</height>
        <depth>3</depth>
    </size>
    <segmented>0</segmented>
    <object>
    <name>FresaInmadura</name>
    <pose>Unspecified</pose>
    <truncated>0</truncated>
    <difficult>0</difficult>
    <bndbox>
        <xmin>107.15903614457831</xmin>
        <ymin>220.21192052980132</ymin>
        <xmax>161.13493975903614</xmax>
        <ymax>272.5662251655629</ymax>
    </bndbox>
</object><object>
    <name>FresaInmadura</name>
    <pose>Unspecified</pose>
    <truncated>0</truncated>
    <difficult>0</difficult>
    <bndbox>
        <xmin>395.3903614457831</xmin>
        <ymin>23.748344370860927</ymin>
        <xmax>448</xmax>
        <ymax>79.34105960264901</ymax>
    </bndbox>
</object><object>
    <name>FresaInmadura</name>
    <pose>Unspecified</pose>
    <truncated>0</truncated>
    <difficult>0</difficult>
    <bndbox>
        <xmin>264.2289156626506</xmin>
        <ymin>146.80794701986756</ymin>
        <xmax>309.0289156626506</xmax>
        <ymax>191.60596026490066</ymax>
    </bndbox>
</object><object>
    <name>FresaInmadura</name>
    <pose>Unspecified</pose>
    <truncated>0</truncated>
    <difficult>0</difficult>
    <bndbox>
        <xmin>265.8481927710843</xmin>
        <ymin>172.1754966887417</ymin>
        <xmax>346.27228915662647</xmax>
        <ymax>255.29470198675494</ymax>
    </bndbox>
</object><object>
    <name>FresaInmadura</name>
    <pose>Unspecified</pose>
    <truncated>0</truncated>
    <difficult>0</difficult>
    <bndbox>
        <xmin>184.88433734939758</xmin>
        <ymin>110.6456953642384</ymin>
        <xmax>279.34216867469877</xmax>
        <ymax>200.24172185430461</ymax>
    </bndbox>
</object><object>
    <name>FresaInmadura</name>
    <pose>Unspecified</pose>
    <truncated>0</truncated>
    <difficult>0</difficult>
    <bndbox>
        <xmin>215.110843373494</xmin>
        <ymin>194.3046357615894</ymin>
        <xmax>286.8987951807229</xmax>
        <ymax>273.10596026490066</ymax>
    </bndbox>
</object><object>
    <name>FresaMadura</name>
    <pose>Unspecified</pose>
    <truncated>0</truncated>
    <difficult>0</difficult>
    <bndbox>
        <xmin>259.910843373494</xmin>
        <ymin>46.95695364238411</ymin>
        <xmax>391.6120481927711</xmax>
        <ymax>171.0960264900662</ymax>
    </bndbox>
</object><object>
    <name>FresaInmadura</name>
    <pose>Unspecified</pose>
    <truncated>0</truncated>
    <difficult>0</difficult>
    <bndbox>
        <xmin>109.31807228915663</xmin>
        <ymin>49.115894039735096</ymin>
        <xmax>211.8722891566265</xmax>
        <ymax>152.74503311258277</ymax>
    </bndbox>
</object><object>
    <name>FresaInmadura</name>
    <pose>Unspecified</pose>
    <truncated>0</truncated>
    <difficult>0</difficult>
    <bndbox>
        <xmin>136.01927710843373</xmin>
        <ymin>132.23509933774835</ymin>
        <xmax>251.2746987951807</xmax>
        <ymax>239.64238410596022</ymax>
    </bndbox>
</object>
</annotation>
