<annotation verified="yes">
    <folder>Annotation</folder>
    <filename>25.jpg</filename>
    <path>Fresas-PascalVOC-export/Annotations/25.jpg</path>
    <source>
        <database>Unknown</database>
    </source>
    <size>
        <width>171</width>
        <height>155</height>
        <depth>3</depth>
    </size>
    <segmented>0</segmented>
    <object>
    <name>FresaInmadura</name>
    <pose>Unspecified</pose>
    <truncated>0</truncated>
    <difficult>0</difficult>
    <bndbox>
        <xmin>113.27787162162161</xmin>
        <ymin>0</ymin>
        <xmax>146.65625</xmax>
        <ymax>32.591059602649004</ymax>
    </bndbox>
</object><object>
    <name>FresaInmadura</name>
    <pose>Unspecified</pose>
    <truncated>0</truncated>
    <difficult>0</difficult>
    <bndbox>
        <xmin>107.88597972972973</xmin>
        <ymin>56.97019867549668</ymin>
        <xmax>150.50760135135135</xmax>
        <ymax>98.79966887417217</ymax>
    </bndbox>
</object><object>
    <name>FresaInmadura</name>
    <pose>Unspecified</pose>
    <truncated>0</truncated>
    <difficult>0</difficult>
    <bndbox>
        <xmin>138.9535472972973</xmin>
        <ymin>26.43211920529801</ymin>
        <xmax>170.79138513513513</xmax>
        <ymax>61.84602649006622</ymax>
    </bndbox>
</object><object>
    <name>FresaMadura</name>
    <pose>Unspecified</pose>
    <truncated>0</truncated>
    <difficult>0</difficult>
    <bndbox>
        <xmin>49.08868243243243</xmin>
        <ymin>67.74834437086092</ymin>
        <xmax>112.25084459459458</xmax>
        <ymax>122.1523178807947</ymax>
    </bndbox>
</object><object>
    <name>FresaInmadura</name>
    <pose>Unspecified</pose>
    <truncated>0</truncated>
    <difficult>0</difficult>
    <bndbox>
        <xmin>67.0616554054054</xmin>
        <ymin>15.140728476821192</ymin>
        <xmax>95.81841216216216</xmax>
        <ymax>42.85596026490066</ymax>
    </bndbox>
</object><object>
    <name>FresaInmadura</name>
    <pose>Unspecified</pose>
    <truncated>0</truncated>
    <difficult>0</difficult>
    <bndbox>
        <xmin>31.88597972972973</xmin>
        <ymin>12.061258278145694</ymin>
        <xmax>68.60219594594595</xmax>
        <ymax>53.377483443708606</ymax>
    </bndbox>
</object><object>
    <name>FresaInmadura</name>
    <pose>Unspecified</pose>
    <truncated>0</truncated>
    <difficult>0</difficult>
    <bndbox>
        <xmin>15.453547297297296</xmin>
        <ymin>0</ymin>
        <xmax>35.73733108108108</xmax>
        <ymax>17.19370860927152</ymax>
    </bndbox>
</object>
</annotation>
