<annotation verified="yes">
    <folder>Annotation</folder>
    <filename>26.jpg</filename>
    <path>Fresas-PascalVOC-export/Annotations/26.jpg</path>
    <source>
        <database>Unknown</database>
    </source>
    <size>
        <width>750</width>
        <height>1000</height>
        <depth>3</depth>
    </size>
    <segmented>0</segmented>
    <object>
    <name>FresaInmadura</name>
    <pose>Unspecified</pose>
    <truncated>0</truncated>
    <difficult>0</difficult>
    <bndbox>
        <xmin>131.6225165562914</xmin>
        <ymin>635.7615894039735</ymin>
        <xmax>280.6291390728477</xmax>
        <ymax>829.4701986754967</ymax>
    </bndbox>
</object><object>
    <name>FresaInmadura</name>
    <pose>Unspecified</pose>
    <truncated>0</truncated>
    <difficult>0</difficult>
    <bndbox>
        <xmin>442.88079470198676</xmin>
        <ymin>543.0463576158941</ymin>
        <xmax>691.2251655629138</xmax>
        <ymax>789.7350993377484</ymax>
    </bndbox>
</object><object>
    <name>FresaInmadura</name>
    <pose>Unspecified</pose>
    <truncated>0</truncated>
    <difficult>0</difficult>
    <bndbox>
        <xmin>485.9271523178808</xmin>
        <ymin>405.6291390728477</ymin>
        <xmax>601.8211920529802</xmax>
        <ymax>509.9337748344371</ymax>
    </bndbox>
</object>
</annotation>
