<annotation verified="yes">
    <folder>Annotation</folder>
    <filename>27.jpg</filename>
    <path>Fresas-PascalVOC-export/Annotations/27.jpg</path>
    <source>
        <database>Unknown</database>
    </source>
    <size>
        <width>960</width>
        <height>391</height>
        <depth>3</depth>
    </size>
    <segmented>0</segmented>
    <object>
    <name>FresaMadura</name>
    <pose>Unspecified</pose>
    <truncated>0</truncated>
    <difficult>0</difficult>
    <bndbox>
        <xmin>35.39170506912443</xmin>
        <ymin>81.47559145480227</ymin>
        <xmax>253.27188940092168</xmax>
        <ymax>322.2609021892656</ymax>
    </bndbox>
</object><object>
    <name>FresaInmadura</name>
    <pose>Unspecified</pose>
    <truncated>0</truncated>
    <difficult>0</difficult>
    <bndbox>
        <xmin>871.5207373271891</xmin>
        <ymin>254.8851959745763</ymin>
        <xmax>958.89400921659</xmax>
        <ymax>346.5603372175142</ymax>
    </bndbox>
</object><object>
    <name>FresaInmadura</name>
    <pose>Unspecified</pose>
    <truncated>0</truncated>
    <difficult>0</difficult>
    <bndbox>
        <xmin>759.8156682027651</xmin>
        <ymin>176.46429201977404</ymin>
        <xmax>881.4746543778804</xmax>
        <ymax>295.7524276129944</ymax>
    </bndbox>
</object><object>
    <name>FresaInmadura</name>
    <pose>Unspecified</pose>
    <truncated>0</truncated>
    <difficult>0</difficult>
    <bndbox>
        <xmin>627.0967741935484</xmin>
        <ymin>88.10271009887016</ymin>
        <xmax>767.557603686636</xmax>
        <ymax>245.20338983050857</ymax>
    </bndbox>
</object><object>
    <name>FresaInmadura</name>
    <pose>Unspecified</pose>
    <truncated>0</truncated>
    <difficult>0</difficult>
    <bndbox>
        <xmin>455.668202764977</xmin>
        <ymin>45.026438912429384</ymin>
        <xmax>627.0967741935485</xmax>
        <ymax>208.4953654661017</ymax>
    </bndbox>
</object><object>
    <name>FresaInmadura</name>
    <pose>Unspecified</pose>
    <truncated>0</truncated>
    <difficult>0</difficult>
    <bndbox>
        <xmin>252.16589861751154</xmin>
        <ymin>46.130958686440685</ymin>
        <xmax>441.29032258064524</xmax>
        <ymax>239.4219191384181</ymax>
    </bndbox>
</object>
</annotation>
