<annotation verified="yes">
    <folder>Annotation</folder>
    <filename>28.jpg</filename>
    <path>Fresas-PascalVOC-export/Annotations/28.jpg</path>
    <source>
        <database>Unknown</database>
    </source>
    <size>
        <width>798</width>
        <height>538</height>
        <depth>3</depth>
    </size>
    <segmented>0</segmented>
    <object>
    <name>FresaMadura</name>
    <pose>Unspecified</pose>
    <truncated>0</truncated>
    <difficult>0</difficult>
    <bndbox>
        <xmin>178.44040862656072</xmin>
        <ymin>170.26194234006735</ymin>
        <xmax>406.6992054483542</xmax>
        <ymax>378.5784406565657</ymax>
    </bndbox>
</object><object>
    <name>FresaInmadura</name>
    <pose>Unspecified</pose>
    <truncated>0</truncated>
    <difficult>0</difficult>
    <bndbox>
        <xmin>373.1850170261067</xmin>
        <ymin>284.38315446127945</ymin>
        <xmax>544.3791146424518</xmax>
        <ymax>425.6760837542088</ymax>
    </bndbox>
</object>
</annotation>
