<annotation verified="yes">
    <folder>Annotation</folder>
    <filename>29.jpg</filename>
    <path>Fresas-PascalVOC-export/Annotations/29.jpg</path>
    <source>
        <database>Unknown</database>
    </source>
    <size>
        <width>406</width>
        <height>326</height>
        <depth>3</depth>
    </size>
    <segmented>0</segmented>
    <object>
    <name>FresaInmadura</name>
    <pose>Unspecified</pose>
    <truncated>0</truncated>
    <difficult>0</difficult>
    <bndbox>
        <xmin>7.625997340425532</xmin>
        <ymin>239.64238410596025</ymin>
        <xmax>36.780252659574465</xmax>
        <ymax>268.7880794701987</ymax>
    </bndbox>
</object><object>
    <name>FresaInmadura</name>
    <pose>Unspecified</pose>
    <truncated>0</truncated>
    <difficult>0</difficult>
    <bndbox>
        <xmin>49.197805851063826</xmin>
        <ymin>226.68874172185429</ymin>
        <xmax>91.84940159574467</xmax>
        <ymax>269.8675496688742</ymax>
    </bndbox>
</object><object>
    <name>FresaInmadura</name>
    <pose>Unspecified</pose>
    <truncated>0</truncated>
    <difficult>0</difficult>
    <bndbox>
        <xmin>106.42652925531915</xmin>
        <ymin>220.21192052980132</ymin>
        <xmax>156.6366356382979</xmax>
        <ymax>271.4867549668874</ymax>
    </bndbox>
</object><object>
    <name>FresaInmadura</name>
    <pose>Unspecified</pose>
    <truncated>0</truncated>
    <difficult>0</difficult>
    <bndbox>
        <xmin>170.6063829787234</xmin>
        <ymin>213.19536423841055</ymin>
        <xmax>231.14195478723403</xmax>
        <ymax>268.7880794701986</ymax>
    </bndbox>
</object><object>
    <name>FresaInmadura</name>
    <pose>Unspecified</pose>
    <truncated>0</truncated>
    <difficult>0</difficult>
    <bndbox>
        <xmin>238.70046542553192</xmin>
        <ymin>205.63907284768212</ymin>
        <xmax>305.6472739361702</xmax>
        <ymax>270.4072847682119</ymax>
    </bndbox>
</object><object>
    <name>FresaMadura</name>
    <pose>Unspecified</pose>
    <truncated>0</truncated>
    <difficult>0</difficult>
    <bndbox>
        <xmin>318.60472074468083</xmin>
        <ymin>204.01986754966887</ymin>
        <xmax>392.03025265957444</xmax>
        <ymax>271.4867549668874</ymax>
    </bndbox>
</object>
</annotation>
