<annotation verified="yes">
    <folder>Annotation</folder>
    <filename>3.jpg</filename>
    <path>Fresas-PascalVOC-export/Annotations/3.jpg</path>
    <source>
        <database>Unknown</database>
    </source>
    <size>
        <width>2048</width>
        <height>1600</height>
        <depth>3</depth>
    </size>
    <segmented>0</segmented>
    <object>
    <name>FresaMadura</name>
    <pose>Unspecified</pose>
    <truncated>0</truncated>
    <difficult>0</difficult>
    <bndbox>
        <xmin>658.5459249676585</xmin>
        <ymin>219.86754966887418</ymin>
        <xmax>1339.446313065977</xmax>
        <ymax>892.7152317880796</ymax>
    </bndbox>
</object><object>
    <name>FresaMadura</name>
    <pose>Unspecified</pose>
    <truncated>0</truncated>
    <difficult>0</difficult>
    <bndbox>
        <xmin>131.31177231565331</xmin>
        <ymin>643.7086092715232</ymin>
        <xmax>679.7412677878397</xmax>
        <ymax>1131.1258278145697</ymax>
    </bndbox>
</object><object>
    <name>FresaMadura</name>
    <pose>Unspecified</pose>
    <truncated>0</truncated>
    <difficult>0</difficult>
    <bndbox>
        <xmin>957.9301423027167</xmin>
        <ymin>818.5430463576159</ymin>
        <xmax>1614.9857697283312</xmax>
        <ymax>1456.953642384106</ymax>
    </bndbox>
</object><object>
    <name>FresaMadura</name>
    <pose>Unspecified</pose>
    <truncated>0</truncated>
    <difficult>0</difficult>
    <bndbox>
        <xmin>1291.7567917205693</xmin>
        <ymin>638.4105960264901</ymin>
        <xmax>1864.0310478654592</xmax>
        <ymax>1252.9801324503312</ymax>
    </bndbox>
</object><object>
    <name>FresaMadura</name>
    <pose>Unspecified</pose>
    <truncated>0</truncated>
    <difficult>0</difficult>
    <bndbox>
        <xmin>279.6791720569212</xmin>
        <ymin>807.94701986755</ymin>
        <xmax>900.8020698576975</xmax>
        <ymax>1369.5364238410598</ymax>
    </bndbox>
</object>
</annotation>
