<annotation verified="yes">
    <folder>Annotation</folder>
    <filename>30.jpg</filename>
    <path>Fresas-PascalVOC-export/Annotations/30.jpg</path>
    <source>
        <database>Unknown</database>
    </source>
    <size>
        <width>179</width>
        <height>102</height>
        <depth>3</depth>
    </size>
    <segmented>0</segmented>
    <object>
    <name>FresaMadura</name>
    <pose>Unspecified</pose>
    <truncated>0</truncated>
    <difficult>0</difficult>
    <bndbox>
        <xmin>21.034562211981566</xmin>
        <ymin>61.470454545454544</ymin>
        <xmax>59.80414746543779</xmax>
        <ymax>102</ymax>
    </bndbox>
</object><object>
    <name>FresaInmadura</name>
    <pose>Unspecified</pose>
    <truncated>0</truncated>
    <difficult>0</difficult>
    <bndbox>
        <xmin>59.80414746543779</xmin>
        <ymin>55.70075757575755</ymin>
        <xmax>93.62442396313364</xmax>
        <ymax>93.55151515151513</ymax>
    </bndbox>
</object><object>
    <name>FresaInmadura</name>
    <pose>Unspecified</pose>
    <truncated>0</truncated>
    <difficult>0</difficult>
    <bndbox>
        <xmin>94.65552995391705</xmin>
        <ymin>55.49469696969697</ymin>
        <xmax>125.58870967741936</xmax>
        <ymax>87.84621212121212</ymax>
    </bndbox>
</object><object>
    <name>FresaInmadura</name>
    <pose>Unspecified</pose>
    <truncated>0</truncated>
    <difficult>0</difficult>
    <bndbox>
        <xmin>125.17626728110599</xmin>
        <ymin>65.79772727272727</ymin>
        <xmax>150.3352534562212</xmax>
        <ymax>94.44015151515151</ymax>
    </bndbox>
</object><object>
    <name>FresaInmadura</name>
    <pose>Unspecified</pose>
    <truncated>0</truncated>
    <difficult>0</difficult>
    <bndbox>
        <xmin>140.23041474654377</xmin>
        <ymin>85.51515151515152</ymin>
        <xmax>163.73963133640552</xmax>
        <ymax>101.99999999999999</ymax>
    </bndbox>
</object>
</annotation>
