<annotation verified="yes">
    <folder>Annotation</folder>
    <filename>31.jpg</filename>
    <path>Fresas-PascalVOC-export/Annotations/31.jpg</path>
    <source>
        <database>Unknown</database>
    </source>
    <size>
        <width>1227</width>
        <height>787</height>
        <depth>3</depth>
    </size>
    <segmented>0</segmented>
    <object>
    <name>FresaInmadura</name>
    <pose>Unspecified</pose>
    <truncated>0</truncated>
    <difficult>0</difficult>
    <bndbox>
        <xmin>58.49489216799092</xmin>
        <ymin>211.72389380530976</ymin>
        <xmax>424.78433598183886</xmax>
        <ymax>645.6838772123895</ymax>
    </bndbox>
</object><object>
    <name>FresaInmadura</name>
    <pose>Unspecified</pose>
    <truncated>0</truncated>
    <difficult>0</difficult>
    <bndbox>
        <xmin>409.46424517593647</xmin>
        <ymin>152.59007190265487</ymin>
        <xmax>738.149829738933</xmax>
        <ymax>723.6874170353983</ymax>
    </bndbox>
</object><object>
    <name>FresaMadura</name>
    <pose>Unspecified</pose>
    <truncated>0</truncated>
    <difficult>0</difficult>
    <bndbox>
        <xmin>739.5425652667424</xmin>
        <ymin>123.33874446902655</ymin>
        <xmax>1176.861520998865</xmax>
        <ymax>755.7245851769912</ymax>
    </bndbox>
</object>
</annotation>
