<annotation verified="yes">
    <folder>Annotation</folder>
    <filename>32.jpg</filename>
    <path>Fresas-PascalVOC-export/Annotations/32.jpg</path>
    <source>
        <database>Unknown</database>
    </source>
    <size>
        <width>788</width>
        <height>548</height>
        <depth>3</depth>
    </size>
    <segmented>0</segmented>
    <object>
    <name>FresaMadura</name>
    <pose>Unspecified</pose>
    <truncated>0</truncated>
    <difficult>0</difficult>
    <bndbox>
        <xmin>202.00151035673187</xmin>
        <ymin>190.5298013245033</ymin>
        <xmax>437.7667577675489</xmax>
        <ymax>385.5960264900662</ymax>
    </bndbox>
</object><object>
    <name>FresaInmadura</name>
    <pose>Unspecified</pose>
    <truncated>0</truncated>
    <difficult>0</difficult>
    <bndbox>
        <xmin>424.16491657077097</xmin>
        <ymin>210.49006622516555</ymin>
        <xmax>597.3616944764096</xmax>
        <ymax>395.57615894039736</ymax>
    </bndbox>
</object>
</annotation>
