<annotation verified="yes">
    <folder>Annotation</folder>
    <filename>33.jpg</filename>
    <path>Fresas-PascalVOC-export/Annotations/33.jpg</path>
    <source>
        <database>Unknown</database>
    </source>
    <size>
        <width>800</width>
        <height>524</height>
        <depth>3</depth>
    </size>
    <segmented>0</segmented>
    <object>
    <name>FresaInmadura</name>
    <pose>Unspecified</pose>
    <truncated>0</truncated>
    <difficult>0</difficult>
    <bndbox>
        <xmin>226.72811059907835</xmin>
        <ymin>131.94969244288225</ymin>
        <xmax>275.57603686635946</xmax>
        <ymax>192.7300087873462</ymax>
    </bndbox>
</object><object>
    <name>FresaInmadura</name>
    <pose>Unspecified</pose>
    <truncated>0</truncated>
    <difficult>0</difficult>
    <bndbox>
        <xmin>546.5437788018434</xmin>
        <ymin>173.3908172231986</ymin>
        <xmax>621.1981566820277</xmax>
        <ymax>247.98484182776804</ymax>
    </bndbox>
</object><object>
    <name>FresaInmadura</name>
    <pose>Unspecified</pose>
    <truncated>0</truncated>
    <difficult>0</difficult>
    <bndbox>
        <xmin>463.59447004608296</xmin>
        <ymin>55.51384007029877</ymin>
        <xmax>577.8801843317973</xmax>
        <ymax>163.26076449912125</ymax>
    </bndbox>
</object><object>
    <name>FresaInmadura</name>
    <pose>Unspecified</pose>
    <truncated>0</truncated>
    <difficult>0</difficult>
    <bndbox>
        <xmin>378.8018433179723</xmin>
        <ymin>345.60171353251303</ymin>
        <xmax>516.1290322580644</xmax>
        <ymax>493.609841827768</ymax>
    </bndbox>
</object><object>
    <name>FresaInmadura</name>
    <pose>Unspecified</pose>
    <truncated>0</truncated>
    <difficult>0</difficult>
    <bndbox>
        <xmin>274.6543778801843</xmin>
        <ymin>218.51559753954305</ymin>
        <xmax>448.8479262672811</xmax>
        <ymax>371.38730228471</ymax>
    </bndbox>
</object><object>
    <name>FresaInmadura</name>
    <pose>Unspecified</pose>
    <truncated>0</truncated>
    <difficult>0</difficult>
    <bndbox>
        <xmin>314.2857142857143</xmin>
        <ymin>169.70716168717044</ymin>
        <xmax>381.5668202764977</xmax>
        <ymax>213.65202108963092</ymax>
    </bndbox>
</object>
</annotation>
