<annotation verified="yes">
    <folder>Annotation</folder>
    <filename>35.jpg</filename>
    <path>Fresas-PascalVOC-export/Annotations/35.jpg</path>
    <source>
        <database>Unknown</database>
    </source>
    <size>
        <width>234</width>
        <height>149</height>
        <depth>3</depth>
    </size>
    <segmented>0</segmented>
    <object>
    <name>FresaInmadura</name>
    <pose>Unspecified</pose>
    <truncated>0</truncated>
    <difficult>0</difficult>
    <bndbox>
        <xmin>83.57142857142857</xmin>
        <ymin>45.90153141952984</ymin>
        <xmax>143.6889400921659</xmax>
        <ymax>121.34456939421338</ymax>
    </bndbox>
</object><object>
    <name>FresaInmadura</name>
    <pose>Unspecified</pose>
    <truncated>0</truncated>
    <difficult>0</difficult>
    <bndbox>
        <xmin>142.88018433179724</xmin>
        <ymin>42.398818942133815</ymin>
        <xmax>224.56451612903226</xmax>
        <ymax>149</ymax>
    </bndbox>
</object><object>
    <name>FresaInmadura</name>
    <pose>Unspecified</pose>
    <truncated>0</truncated>
    <difficult>0</difficult>
    <bndbox>
        <xmin>0</xmin>
        <ymin>18.957589285714285</ymin>
        <xmax>29.92396313364055</xmax>
        <ymax>69.34276107594937</ymax>
    </bndbox>
</object><object>
    <name>FresaInmadura</name>
    <pose>Unspecified</pose>
    <truncated>0</truncated>
    <difficult>0</difficult>
    <bndbox>
        <xmin>63.6221198156682</xmin>
        <ymin>57.75686595840868</ymin>
        <xmax>93.54608294930875</xmax>
        <ymax>110.297553119349</ymax>
    </bndbox>
</object><object>
    <name>FresaInmadura</name>
    <pose>Unspecified</pose>
    <truncated>0</truncated>
    <difficult>0</difficult>
    <bndbox>
        <xmin>22.64516129032258</xmin>
        <ymin>7.641133589511754</ymin>
        <xmax>64.16129032258064</xmax>
        <ymax>66.37892744122966</ymax>
    </bndbox>
</object><object>
    <name>FresaInmadura</name>
    <pose>Unspecified</pose>
    <truncated>0</truncated>
    <difficult>0</difficult>
    <bndbox>
        <xmin>85.99769585253456</xmin>
        <ymin>12.491043173598554</ymin>
        <xmax>134.52304147465438</xmax>
        <ymax>65.84004859855334</ymax>
    </bndbox>
</object><object>
    <name>FresaInmadura</name>
    <pose>Unspecified</pose>
    <truncated>0</truncated>
    <difficult>0</difficult>
    <bndbox>
        <xmin>0</xmin>
        <ymin>0.09682979204339964</ymin>
        <xmax>36.394009216589865</xmax>
        <ymax>40.78218241410488</ymax>
    </bndbox>
</object><object>
    <name>FresaInmadura</name>
    <pose>Unspecified</pose>
    <truncated>0</truncated>
    <difficult>0</difficult>
    <bndbox>
        <xmin>196.25806451612902</xmin>
        <ymin>28.657408453887886</ymin>
        <xmax>234</xmax>
        <ymax>108.95035601265823</ymax>
    </bndbox>
</object><object>
    <name>FresaInmadura</name>
    <pose>Unspecified</pose>
    <truncated>0</truncated>
    <difficult>0</difficult>
    <bndbox>
        <xmin>129.13133640552996</xmin>
        <ymin>0</ymin>
        <xmax>208.65898617511522</xmax>
        <ymax>48.499095840867994</ymax>
    </bndbox>
</object><object>
    <name>FresaInmadura</name>
    <pose>Unspecified</pose>
    <truncated>0</truncated>
    <difficult>0</difficult>
    <bndbox>
        <xmin>38.82027649769585</xmin>
        <ymin>0</ymin>
        <xmax>84.11059907834101</xmax>
        <ymax>39.4349853074141</ymax>
    </bndbox>
</object><object>
    <name>FresaInmadura</name>
    <pose>Unspecified</pose>
    <truncated>0</truncated>
    <difficult>0</difficult>
    <bndbox>
        <xmin>73.32718894009219</xmin>
        <ymin>0</ymin>
        <xmax>139.10599078341014</xmax>
        <ymax>33.67992766726944</ymax>
    </bndbox>
</object>
</annotation>
