<annotation verified="yes">
    <folder>Annotation</folder>
    <filename>36.jpg</filename>
    <path>Fresas-PascalVOC-export/Annotations/36.jpg</path>
    <source>
        <database>Unknown</database>
    </source>
    <size>
        <width>1632</width>
        <height>1088</height>
        <depth>3</depth>
    </size>
    <segmented>0</segmented>
    <object>
    <name>FresaInmadura</name>
    <pose>Unspecified</pose>
    <truncated>0</truncated>
    <difficult>0</difficult>
    <bndbox>
        <xmin>313.0624290578888</xmin>
        <ymin>19.78023850085179</ymin>
        <xmax>603.8955732122588</xmax>
        <ymax>338.5809199318569</ymax>
    </bndbox>
</object><object>
    <name>FresaInmadura</name>
    <pose>Unspecified</pose>
    <truncated>0</truncated>
    <difficult>0</difficult>
    <bndbox>
        <xmin>550.1748013620885</xmin>
        <ymin>173.62010221465079</ymin>
        <xmax>935.4824063564131</xmax>
        <ymax>529.4906303236799</ymax>
    </bndbox>
</object><object>
    <name>FresaMadura</name>
    <pose>Unspecified</pose>
    <truncated>0</truncated>
    <difficult>0</difficult>
    <bndbox>
        <xmin>870.6469920544835</xmin>
        <ymin>407.1601362862011</ymin>
        <xmax>1441.1986379114637</xmax>
        <ymax>1019.4207836456563</ymax>
    </bndbox>
</object>
</annotation>
