<annotation verified="yes">
    <folder>Annotation</folder>
    <filename>38.jpg</filename>
    <path>Fresas-PascalVOC-export/Annotations/38.jpg</path>
    <source>
        <database>Unknown</database>
    </source>
    <size>
        <width>492</width>
        <height>293</height>
        <depth>3</depth>
    </size>
    <segmented>0</segmented>
    <object>
    <name>FresaMadura</name>
    <pose>Unspecified</pose>
    <truncated>0</truncated>
    <difficult>0</difficult>
    <bndbox>
        <xmin>54.17026106696935</xmin>
        <ymin>109.57851190476191</ymin>
        <xmax>184.29057888762767</xmax>
        <ymax>273.10041666666666</ymax>
    </bndbox>
</object><object>
    <name>FresaMadura</name>
    <pose>Unspecified</pose>
    <truncated>0</truncated>
    <difficult>0</difficult>
    <bndbox>
        <xmin>328.93076049943244</xmin>
        <ymin>104.55565476190476</ymin>
        <xmax>452.34960272417703</xmax>
        <ymax>230.12708333333333</ymax>
    </bndbox>
</object><object>
    <name>FresaMadura</name>
    <pose>Unspecified</pose>
    <truncated>0</truncated>
    <difficult>0</difficult>
    <bndbox>
        <xmin>244.04540295119182</xmin>
        <ymin>117.39184523809524</ymin>
        <xmax>337.8660612939841</xmax>
        <ymax>245.75375</ymax>
    </bndbox>
</object><object>
    <name>FresaMadura</name>
    <pose>Unspecified</pose>
    <truncated>0</truncated>
    <difficult>0</difficult>
    <bndbox>
        <xmin>166.97843359818387</xmin>
        <ymin>123.89714285714285</ymin>
        <xmax>252.98070374574354</xmax>
        <ymax>284.62857142857143</ymax>
    </bndbox>
</object>
</annotation>
