<annotation verified="yes">
    <folder>Annotation</folder>
    <filename>39.jpg</filename>
    <path>Fresas-PascalVOC-export/Annotations/39.jpg</path>
    <source>
        <database>Unknown</database>
    </source>
    <size>
        <width>410</width>
        <height>296</height>
        <depth>3</depth>
    </size>
    <segmented>0</segmented>
    <object>
    <name>FresaMadura</name>
    <pose>Unspecified</pose>
    <truncated>0</truncated>
    <difficult>0</difficult>
    <bndbox>
        <xmin>108.89859617682198</xmin>
        <ymin>100.95364238410596</ymin>
        <xmax>205.39799880525686</xmax>
        <ymax>188.18543046357615</ymax>
    </bndbox>
</object><object>
    <name>FresaMadura</name>
    <pose>Unspecified</pose>
    <truncated>0</truncated>
    <difficult>0</difficult>
    <bndbox>
        <xmin>188.2534348864994</xmin>
        <ymin>89.68211920529801</ymin>
        <xmax>261.2402927120669</xmax>
        <ymax>153.39072847682118</ymax>
    </bndbox>
</object><object>
    <name>FresaMadura</name>
    <pose>Unspecified</pose>
    <truncated>0</truncated>
    <difficult>0</difficult>
    <bndbox>
        <xmin>178.456541218638</xmin>
        <ymin>145.5496688741722</ymin>
        <xmax>289.651284348865</xmax>
        <ymax>238.66225165562915</ymax>
    </bndbox>
</object>
</annotation>
