<annotation verified="yes">
    <folder>Annotation</folder>
    <filename>4.jpg</filename>
    <path>Fresas-PascalVOC-export/Annotations/4.jpg</path>
    <source>
        <database>Unknown</database>
    </source>
    <size>
        <width>896</width>
        <height>623</height>
        <depth>3</depth>
    </size>
    <segmented>0</segmented>
    <object>
    <name>FresaMadura</name>
    <pose>Unspecified</pose>
    <truncated>0</truncated>
    <difficult>0</difficult>
    <bndbox>
        <xmin>493.7215189873418</xmin>
        <ymin>203.19701986754967</ymin>
        <xmax>795.825086306099</xmax>
        <ymax>506.4453642384106</ymax>
    </bndbox>
</object><object>
    <name>FresaMadura</name>
    <pose>Unspecified</pose>
    <truncated>0</truncated>
    <difficult>0</difficult>
    <bndbox>
        <xmin>7.05638665132336</xmin>
        <ymin>218.66887417218544</ymin>
        <xmax>320.5017261219793</xmax>
        <ymax>483.75331125827813</ymax>
    </bndbox>
</object><object>
    <name>FresaMadura</name>
    <pose>Unspecified</pose>
    <truncated>0</truncated>
    <difficult>0</difficult>
    <bndbox>
        <xmin>286.47640966628313</xmin>
        <ymin>124.80629139072848</ymin>
        <xmax>574.1449942462601</xmax>
        <ymax>463.12417218543044</ymax>
    </bndbox>
</object>
</annotation>
