<annotation verified="yes">
    <folder>Annotation</folder>
    <filename>40.jpg</filename>
    <path>Fresas-PascalVOC-export/Annotations/40.jpg</path>
    <source>
        <database>Unknown</database>
    </source>
    <size>
        <width>626</width>
        <height>470</height>
        <depth>3</depth>
    </size>
    <segmented>0</segmented>
    <object>
    <name>FresaInmadura</name>
    <pose>Unspecified</pose>
    <truncated>0</truncated>
    <difficult>0</difficult>
    <bndbox>
        <xmin>449.45087064676613</xmin>
        <ymin>133.06291390728475</ymin>
        <xmax>574.0279850746268</xmax>
        <ymax>277.01986754966885</ymax>
    </bndbox>
</object><object>
    <name>FresaInmadura</name>
    <pose>Unspecified</pose>
    <truncated>0</truncated>
    <difficult>0</difficult>
    <bndbox>
        <xmin>36.78917910447761</xmin>
        <ymin>185.97682119205297</ymin>
        <xmax>132.55783582089552</xmax>
        <ymax>280.91059602649005</ymax>
    </bndbox>
</object><object>
    <name>FresaInmadura</name>
    <pose>Unspecified</pose>
    <truncated>0</truncated>
    <difficult>0</difficult>
    <bndbox>
        <xmin>157.2786069651741</xmin>
        <ymin>210.09933774834437</ymin>
        <xmax>320.2021144278607</xmax>
        <ymax>395.2980132450331</ymax>
    </bndbox>
</object>
</annotation>
