<annotation verified="yes">
    <folder>Annotation</folder>
    <filename>41.jpg</filename>
    <path>Fresas-PascalVOC-export/Annotations/41.jpg</path>
    <source>
        <database>Unknown</database>
    </source>
    <size>
        <width>449</width>
        <height>291</height>
        <depth>3</depth>
    </size>
    <segmented>0</segmented>
    <object>
    <name>FresaMadura</name>
    <pose>Unspecified</pose>
    <truncated>0</truncated>
    <difficult>0</difficult>
    <bndbox>
        <xmin>163.3186936936937</xmin>
        <ymin>82.23055013020837</ymin>
        <xmax>296.8051801801802</xmax>
        <ymax>234.41666666666674</ymax>
    </bndbox>
</object><object>
    <name>FresaInmadura</name>
    <pose>Unspecified</pose>
    <truncated>0</truncated>
    <difficult>0</difficult>
    <bndbox>
        <xmin>310.4572072072072</xmin>
        <ymin>152.45450846354169</ymin>
        <xmax>436.35923423423424</xmax>
        <ymax>275.725341796875</ymax>
    </bndbox>
</object>
</annotation>
