<annotation verified="yes">
    <folder>Annotation</folder>
    <filename>44.jpg</filename>
    <path>Fresas-PascalVOC-export/Annotations/44.jpg</path>
    <source>
        <database>Unknown</database>
    </source>
    <size>
        <width>1919</width>
        <height>1080</height>
        <depth>3</depth>
    </size>
    <segmented>0</segmented>
    <object>
    <name>FresaMadura</name>
    <pose>Unspecified</pose>
    <truncated>0</truncated>
    <difficult>0</difficult>
    <bndbox>
        <xmin>944.024193548387</xmin>
        <ymin>400.3412576687117</ymin>
        <xmax>1173.9504608294928</xmax>
        <ymax>645.4946319018405</ymax>
    </bndbox>
</object><object>
    <name>FresaMadura</name>
    <pose>Unspecified</pose>
    <truncated>0</truncated>
    <difficult>0</difficult>
    <bndbox>
        <xmin>1032.4573732718893</xmin>
        <ymin>656.5375766871166</ymin>
        <xmax>1275.6486175115206</xmax>
        <ymax>901.6909509202454</ymax>
    </bndbox>
</object><object>
    <name>FresaInmadura</name>
    <pose>Unspecified</pose>
    <truncated>0</truncated>
    <difficult>0</difficult>
    <bndbox>
        <xmin>1162.8963133640552</xmin>
        <ymin>473.2246932515338</ymin>
        <xmax>1337.5518433179723</xmax>
        <ymax>654.3289877300614</ymax>
    </bndbox>
</object>
</annotation>
