<annotation verified="yes">
    <folder>Annotation</folder>
    <filename>45.jpg</filename>
    <path>Fresas-PascalVOC-export/Annotations/45.jpg</path>
    <source>
        <database>Unknown</database>
    </source>
    <size>
        <width>960</width>
        <height>540</height>
        <depth>3</depth>
    </size>
    <segmented>0</segmented>
    <object>
    <name>FresaMadura</name>
    <pose>Unspecified</pose>
    <truncated>0</truncated>
    <difficult>0</difficult>
    <bndbox>
        <xmin>471.1520737327189</xmin>
        <ymin>57.67930327868852</ymin>
        <xmax>685.7142857142858</xmax>
        <ymax>323.25307377049177</ymax>
    </bndbox>
</object><object>
    <name>FresaInmadura</name>
    <pose>Unspecified</pose>
    <truncated>0</truncated>
    <difficult>0</difficult>
    <bndbox>
        <xmin>612.7188940092167</xmin>
        <ymin>401.8186475409836</ymin>
        <xmax>701.1981566820277</xmax>
        <ymax>473.74487704918033</ymax>
    </bndbox>
</object><object>
    <name>FresaInmadura</name>
    <pose>Unspecified</pose>
    <truncated>0</truncated>
    <difficult>0</difficult>
    <bndbox>
        <xmin>367.1889400921659</xmin>
        <ymin>236.94159836065575</ymin>
        <xmax>508.75576036866363</xmax>
        <ymax>391.859631147541</ymax>
    </bndbox>
</object><object>
    <name>FresaMadura</name>
    <pose>Unspecified</pose>
    <truncated>0</truncated>
    <difficult>0</difficult>
    <bndbox>
        <xmin>65.25345622119816</xmin>
        <ymin>233.6219262295082</ymin>
        <xmax>274.28571428571433</xmax>
        <ymax>436.1219262295082</ymax>
    </bndbox>
</object><object>
    <name>FresaMadura</name>
    <pose>Unspecified</pose>
    <truncated>0</truncated>
    <difficult>0</difficult>
    <bndbox>
        <xmin>218.9861751152074</xmin>
        <ymin>246.90061475409837</ymin>
        <xmax>416.9585253456222</xmax>
        <ymax>481.49077868852464</ymax>
    </bndbox>
</object><object>
    <name>FresaInmadura</name>
    <pose>Unspecified</pose>
    <truncated>0</truncated>
    <difficult>0</difficult>
    <bndbox>
        <xmin>779.7235023041476</xmin>
        <ymin>190.46618852459017</ymin>
        <xmax>948.9400921658987</xmax>
        <ymax>365.30225409836066</ymax>
    </bndbox>
</object><object>
    <name>FresaMadura</name>
    <pose>Unspecified</pose>
    <truncated>0</truncated>
    <difficult>0</difficult>
    <bndbox>
        <xmin>883.6866359447006</xmin>
        <ymin>0.13831967213114754</ymin>
        <xmax>960.0000000000001</xmax>
        <ymax>238.04815573770495</ymax>
    </bndbox>
</object><object>
    <name>FresaMadura</name>
    <pose>Unspecified</pose>
    <truncated>0</truncated>
    <difficult>0</difficult>
    <bndbox>
        <xmin>618.2488479262673</xmin>
        <ymin>1.2448770491803278</ymin>
        <xmax>896.9585253456222</xmax>
        <ymax>285.63012295081967</ymax>
    </bndbox>
</object><object>
    <name>FresaMadura</name>
    <pose>Unspecified</pose>
    <truncated>0</truncated>
    <difficult>0</difficult>
    <bndbox>
        <xmin>361.6589861751152</xmin>
        <ymin>334.3186475409836</ymin>
        <xmax>515.3917050691244</xmax>
        <ymax>506.8032786885246</ymax>
    </bndbox>
</object><object>
    <name>FresaInmadura</name>
    <pose>Unspecified</pose>
    <truncated>0</truncated>
    <difficult>0</difficult>
    <bndbox>
        <xmin>2.2119815668202767</xmin>
        <ymin>314.40061475409834</ymin>
        <xmax>115.02304147465438</xmax>
        <ymax>460.327868852459</ymax>
    </bndbox>
</object>
</annotation>
