<annotation verified="yes">
    <folder>Annotation</folder>
    <filename>46.jpg</filename>
    <path>Fresas-PascalVOC-export/Annotations/46.jpg</path>
    <source>
        <database>Unknown</database>
    </source>
    <size>
        <width>540</width>
        <height>406</height>
        <depth>3</depth>
    </size>
    <segmented>0</segmented>
    <object>
    <name>FresaMadura</name>
    <pose>Unspecified</pose>
    <truncated>0</truncated>
    <difficult>0</difficult>
    <bndbox>
        <xmin>188.0837484433375</xmin>
        <ymin>118.3046357615894</ymin>
        <xmax>450.35024906600256</xmax>
        <ymax>331.387417218543</ymax>
    </bndbox>
</object><object>
    <name>FresaMadura</name>
    <pose>Unspecified</pose>
    <truncated>0</truncated>
    <difficult>0</difficult>
    <bndbox>
        <xmin>0</xmin>
        <ymin>98.13907284768212</ymin>
        <xmax>209.60305105853053</xmax>
        <ymax>258.7913907284768</ymax>
    </bndbox>
</object><object>
    <name>FresaMadura</name>
    <pose>Unspecified</pose>
    <truncated>0</truncated>
    <difficult>0</difficult>
    <bndbox>
        <xmin>379.7400373599004</xmin>
        <ymin>51.086092715231786</ymin>
        <xmax>540</xmax>
        <ymax>219.8046357615894</ymax>
    </bndbox>
</object><object>
    <name>FresaMadura</name>
    <pose>Unspecified</pose>
    <truncated>0</truncated>
    <difficult>0</difficult>
    <bndbox>
        <xmin>151.09744707347448</xmin>
        <ymin>41.675496688741724</ymin>
        <xmax>375.0326899128269</xmax>
        <ymax>158.63576158940398</ymax>
    </bndbox>
</object><object>
    <name>FresaMadura</name>
    <pose>Unspecified</pose>
    <truncated>0</truncated>
    <difficult>0</difficult>
    <bndbox>
        <xmin>448.33281444582815</xmin>
        <ymin>166.7019867549669</ymin>
        <xmax>540</xmax>
        <ymax>364.99668874172187</ymax>
    </bndbox>
</object><object>
    <name>FresaMadura</name>
    <pose>Unspecified</pose>
    <truncated>0</truncated>
    <difficult>0</difficult>
    <bndbox>
        <xmin>247.9343088418431</xmin>
        <ymin>275.5960264900662</ymin>
        <xmax>509.5283312577833</xmax>
        <ymax>403.98344370860923</ymax>
    </bndbox>
</object><object>
    <name>FresaMadura</name>
    <pose>Unspecified</pose>
    <truncated>0</truncated>
    <difficult>0</difficult>
    <bndbox>
        <xmin>71.0725404732254</xmin>
        <ymin>360.2913907284768</ymin>
        <xmax>291.6453922789539</xmax>
        <ymax>406</ymax>
    </bndbox>
</object><object>
    <name>FresaMadura</name>
    <pose>Unspecified</pose>
    <truncated>0</truncated>
    <difficult>0</difficult>
    <bndbox>
        <xmin>0</xmin>
        <ymin>242.658940397351</ymin>
        <xmax>250.62422166874222</xmax>
        <ymax>406</ymax>
    </bndbox>
</object><object>
    <name>FresaMadura</name>
    <pose>Unspecified</pose>
    <truncated>0</truncated>
    <difficult>0</difficult>
    <bndbox>
        <xmin>307.1123910336239</xmin>
        <ymin>0</ymin>
        <xmax>540</xmax>
        <ymax>108.89403973509934</ymax>
    </bndbox>
</object>
</annotation>
