<annotation verified="yes">
    <folder>Annotation</folder>
    <filename>47.jpg</filename>
    <path>Fresas-PascalVOC-export/Annotations/47.jpg</path>
    <source>
        <database>Unknown</database>
    </source>
    <size>
        <width>1024</width>
        <height>682</height>
        <depth>3</depth>
    </size>
    <segmented>0</segmented>
    <object>
    <name>FresaMadura</name>
    <pose>Unspecified</pose>
    <truncated>0</truncated>
    <difficult>0</difficult>
    <bndbox>
        <xmin>118.55618615209988</xmin>
        <ymin>171.24430366269166</ymin>
        <xmax>556.7491486946651</xmax>
        <ymax>627.8473701022147</ymax>
    </bndbox>
</object><object>
    <name>FresaMadura</name>
    <pose>Unspecified</pose>
    <truncated>0</truncated>
    <difficult>0</difficult>
    <bndbox>
        <xmin>555.5868331441543</xmin>
        <ymin>131.7417482964225</ymin>
        <xmax>955.4233825198637</xmax>
        <ymax>551.165939097104</ymax>
    </bndbox>
</object>
</annotation>
