<annotation verified="yes">
    <folder>Annotation</folder>
    <filename>5.jpg</filename>
    <path>Fresas-PascalVOC-export/Annotations/5.jpg</path>
    <source>
        <database>Unknown</database>
    </source>
    <size>
        <width>610</width>
        <height>405</height>
        <depth>3</depth>
    </size>
    <segmented>0</segmented>
    <object>
    <name>FresaInmadura</name>
    <pose>Unspecified</pose>
    <truncated>0</truncated>
    <difficult>0</difficult>
    <bndbox>
        <xmin>37.38933030646992</xmin>
        <ymin>91.70913461538461</ymin>
        <xmax>306.03859250851303</xmax>
        <ymax>375.55528846153845</ymax>
    </bndbox>
</object><object>
    <name>FresaInmadura</name>
    <pose>Unspecified</pose>
    <truncated>0</truncated>
    <difficult>0</difficult>
    <bndbox>
        <xmin>324.7332576617481</xmin>
        <ymin>87.55528846153845</ymin>
        <xmax>577.4574347332577</xmax>
        <ymax>376.24759615384613</ymax>
    </bndbox>
</object>
</annotation>
