<annotation verified="yes">
    <folder>Annotation</folder>
    <filename>51.jpg</filename>
    <path>Fresas-PascalVOC-export/Annotations/51.jpg</path>
    <source>
        <database>Unknown</database>
    </source>
    <size>
        <width>626</width>
        <height>417</height>
        <depth>3</depth>
    </size>
    <segmented>0</segmented>
    <object>
    <name>FresaMadura</name>
    <pose>Unspecified</pose>
    <truncated>0</truncated>
    <difficult>0</difficult>
    <bndbox>
        <xmin>61.301843317972356</xmin>
        <ymin>151.58409926470588</ymin>
        <xmax>226.4562211981567</xmax>
        <ymax>298.76056985294116</ymax>
    </bndbox>
</object><object>
    <name>FresaMadura</name>
    <pose>Unspecified</pose>
    <truncated>0</truncated>
    <difficult>0</difficult>
    <bndbox>
        <xmin>379.3502304147466</xmin>
        <ymin>71.50278438581314</ymin>
        <xmax>515.6566820276498</xmax>
        <ymax>217.236348399654</ymax>
    </bndbox>
</object><object>
    <name>FresaMadura</name>
    <pose>Unspecified</pose>
    <truncated>0</truncated>
    <difficult>0</difficult>
    <bndbox>
        <xmin>426.9493087557604</xmin>
        <ymin>197.03565635813146</ymin>
        <xmax>577.6797235023042</xmax>
        <ymax>314.63254217128025</ymax>
    </bndbox>
</object><object>
    <name>FresaMadura</name>
    <pose>Unspecified</pose>
    <truncated>0</truncated>
    <difficult>0</difficult>
    <bndbox>
        <xmin>259.63133640552996</xmin>
        <ymin>178.99932417820068</ymin>
        <xmax>406.7557603686636</xmax>
        <ymax>308.8609158737024</ymax>
    </bndbox>
</object><object>
    <name>FresaMadura</name>
    <pose>Unspecified</pose>
    <truncated>0</truncated>
    <difficult>0</difficult>
    <bndbox>
        <xmin>227.89861751152074</xmin>
        <ymin>78.71731725778547</ymin>
        <xmax>369.2534562211982</xmax>
        <ymax>204.97164251730104</ymax>
    </bndbox>
</object>
</annotation>
