<annotation verified="yes">
    <folder>Annotation</folder>
    <filename>53.jpg</filename>
    <path>Fresas-PascalVOC-export/Annotations/53.jpg</path>
    <source>
        <database>Unknown</database>
    </source>
    <size>
        <width>734</width>
        <height>732</height>
        <depth>3</depth>
    </size>
    <segmented>0</segmented>
    <object>
    <name>FresaMadura</name>
    <pose>Unspecified</pose>
    <truncated>0</truncated>
    <difficult>0</difficult>
    <bndbox>
        <xmin>548.4749896864686</xmin>
        <ymin>216.9337748344371</ymin>
        <xmax>732.7887788778878</xmax>
        <ymax>431.44370860927154</ymax>
    </bndbox>
</object><object>
    <name>FresaMadura</name>
    <pose>Unspecified</pose>
    <truncated>0</truncated>
    <difficult>0</difficult>
    <bndbox>
        <xmin>359.52449463696365</xmin>
        <ymin>484.7682119205298</ymin>
        <xmax>554.5310952970297</xmax>
        <ymax>684.7350993377484</ymax>
    </bndbox>
</object><object>
    <name>FresaMadura</name>
    <pose>Unspecified</pose>
    <truncated>0</truncated>
    <difficult>0</difficult>
    <bndbox>
        <xmin>340.1449566831683</xmin>
        <ymin>113.9205298013245</ymin>
        <xmax>577.5442966171616</xmax>
        <ymax>397.50993377483445</ymax>
    </bndbox>
</object><object>
    <name>FresaInmadura</name>
    <pose>Unspecified</pose>
    <truncated>0</truncated>
    <difficult>0</difficult>
    <bndbox>
        <xmin>550.8974319306931</xmin>
        <ymin>528.3973509933775</ymin>
        <xmax>668.3858807755776</xmax>
        <ymax>638.682119205298</ymax>
    </bndbox>
</object><object>
    <name>FresaInmadura</name>
    <pose>Unspecified</pose>
    <truncated>0</truncated>
    <difficult>0</difficult>
    <bndbox>
        <xmin>189.95353754125412</xmin>
        <ymin>90.89403973509934</ymin>
        <xmax>347.41228341584156</xmax>
        <ymax>231.47682119205297</ymax>
    </bndbox>
</object>
</annotation>
