<annotation verified="yes">
    <folder>Annotation</folder>
    <filename>54.jpg</filename>
    <path>Fresas-PascalVOC-export/Annotations/54.jpg</path>
    <source>
        <database>Unknown</database>
    </source>
    <size>
        <width>1008</width>
        <height>756</height>
        <depth>3</depth>
    </size>
    <segmented>0</segmented>
    <object>
    <name>FresaInmadura</name>
    <pose>Unspecified</pose>
    <truncated>0</truncated>
    <difficult>0</difficult>
    <bndbox>
        <xmin>186.16304347826087</xmin>
        <ymin>336.6953642384106</ymin>
        <xmax>278.8239130434783</xmax>
        <ymax>440.5827814569536</ymax>
    </bndbox>
</object><object>
    <name>FresaMadura</name>
    <pose>Unspecified</pose>
    <truncated>0</truncated>
    <difficult>0</difficult>
    <bndbox>
        <xmin>381.5021739130435</xmin>
        <ymin>165.2185430463576</ymin>
        <xmax>573.0847826086957</xmax>
        <ymax>430.569536423841</ymax>
    </bndbox>
</object><object>
    <name>FresaInmadura</name>
    <pose>Unspecified</pose>
    <truncated>0</truncated>
    <difficult>0</difficult>
    <bndbox>
        <xmin>633.1891304347831</xmin>
        <ymin>280.37086092715236</ymin>
        <xmax>795.130434782609</xmax>
        <ymax>491.90066225165566</ymax>
    </bndbox>
</object><object>
    <name>FresaMadura</name>
    <pose>Unspecified</pose>
    <truncated>0</truncated>
    <difficult>0</difficult>
    <bndbox>
        <xmin>583.1021739130435</xmin>
        <ymin>173.98013245033113</ymin>
        <xmax>688.695652173913</xmax>
        <ymax>294.1390728476821</ymax>
    </bndbox>
</object><object>
    <name>FresaMadura</name>
    <pose>Unspecified</pose>
    <truncated>0</truncated>
    <difficult>0</difficult>
    <bndbox>
        <xmin>545.5369565217393</xmin>
        <ymin>274.1125827814569</ymin>
        <xmax>623.171739130435</xmax>
        <ymax>372.9933774834437</ymax>
    </bndbox>
</object>
</annotation>
