<annotation verified="yes">
    <folder>Annotation</folder>
    <filename>55.jpg</filename>
    <path>Fresas-PascalVOC-export/Annotations/55.jpg</path>
    <source>
        <database>Unknown</database>
    </source>
    <size>
        <width>567</width>
        <height>626</height>
        <depth>3</depth>
    </size>
    <segmented>0</segmented>
    <object>
    <name>FresaMadura</name>
    <pose>Unspecified</pose>
    <truncated>0</truncated>
    <difficult>0</difficult>
    <bndbox>
        <xmin>70.01659620658135</xmin>
        <ymin>129.55298013245033</ymin>
        <xmax>509.5193384369287</xmax>
        <ymax>609.4172185430464</ymax>
    </bndbox>
</object>
</annotation>
