<annotation verified="yes">
    <folder>Annotation</folder>
    <filename>56.jpg</filename>
    <path>Fresas-PascalVOC-export/Annotations/56.jpg</path>
    <source>
        <database>Unknown</database>
    </source>
    <size>
        <width>486</width>
        <height>319</height>
        <depth>3</depth>
    </size>
    <segmented>0</segmented>
    <object>
    <name>FresaMadura</name>
    <pose>Unspecified</pose>
    <truncated>0</truncated>
    <difficult>0</difficult>
    <bndbox>
        <xmin>115.8456299659478</xmin>
        <ymin>133.08626189446366</ymin>
        <xmax>306.7150964812713</xmax>
        <ymax>287.619133866782</ymax>
    </bndbox>
</object>
</annotation>
