<annotation verified="yes">
    <folder>Annotation</folder>
    <filename>57.jpg</filename>
    <path>Fresas-PascalVOC-export/Annotations/57.jpg</path>
    <source>
        <database>Unknown</database>
    </source>
    <size>
        <width>358</width>
        <height>341</height>
        <depth>3</depth>
    </size>
    <segmented>0</segmented>
    <object>
    <name>FresaMadura</name>
    <pose>Unspecified</pose>
    <truncated>0</truncated>
    <difficult>0</difficult>
    <bndbox>
        <xmin>81.34759463722398</xmin>
        <ymin>93.71854304635762</ymin>
        <xmax>277.2876577287067</xmax>
        <ymax>282.8493377483444</ymax>
    </bndbox>
</object>
</annotation>
