<annotation verified="yes">
    <folder>Annotation</folder>
    <filename>58.jpg</filename>
    <path>Fresas-PascalVOC-export/Annotations/58.jpg</path>
    <source>
        <database>Unknown</database>
    </source>
    <size>
        <width>360</width>
        <height>360</height>
        <depth>3</depth>
    </size>
    <segmented>0</segmented>
    <object>
    <name>FresaMadura</name>
    <pose>Unspecified</pose>
    <truncated>0</truncated>
    <difficult>0</difficult>
    <bndbox>
        <xmin>66.158940397351</xmin>
        <ymin>157.35099337748346</ymin>
        <xmax>221.12582781456956</xmax>
        <ymax>289.6688741721855</ymax>
    </bndbox>
</object><object>
    <name>FresaMadura</name>
    <pose>Unspecified</pose>
    <truncated>0</truncated>
    <difficult>0</difficult>
    <bndbox>
        <xmin>178.80794701986756</xmin>
        <ymin>113.84105960264901</ymin>
        <xmax>312.317880794702</xmax>
        <ymax>271.7880794701987</ymax>
    </bndbox>
</object>
</annotation>
