<annotation verified="yes">
    <folder>Annotation</folder>
    <filename>59.jpg</filename>
    <path>Fresas-PascalVOC-export/Annotations/59.jpg</path>
    <source>
        <database>Unknown</database>
    </source>
    <size>
        <width>243</width>
        <height>240</height>
        <depth>3</depth>
    </size>
    <segmented>0</segmented>
    <object>
    <name>FresaMadura</name>
    <pose>Unspecified</pose>
    <truncated>0</truncated>
    <difficult>0</difficult>
    <bndbox>
        <xmin>15.795496323529411</xmin>
        <ymin>67.94701986754967</ymin>
        <xmax>111.88373161764704</xmax>
        <ymax>177.6158940397351</ymax>
    </bndbox>
</object><object>
    <name>FresaMadura</name>
    <pose>Unspecified</pose>
    <truncated>0</truncated>
    <difficult>0</difficult>
    <bndbox>
        <xmin>107.51608455882352</xmin>
        <ymin>84.63576158940397</ymin>
        <xmax>221.07490808823528</xmax>
        <ymax>211.78807947019868</ymax>
    </bndbox>
</object>
</annotation>
