<annotation verified="yes">
    <folder>Annotation</folder>
    <filename>6.jpg</filename>
    <path>Fresas-PascalVOC-export/Annotations/6.jpg</path>
    <source>
        <database>Unknown</database>
    </source>
    <size>
        <width>612</width>
        <height>408</height>
        <depth>3</depth>
    </size>
    <segmented>0</segmented>
    <object>
    <name>FresaInmadura</name>
    <pose>Unspecified</pose>
    <truncated>0</truncated>
    <difficult>0</difficult>
    <bndbox>
        <xmin>40.89400921658986</xmin>
        <ymin>209.52720207253884</ymin>
        <xmax>117.04147465437788</xmax>
        <ymax>289.15414507772016</ymax>
    </bndbox>
</object><object>
    <name>FresaInmadura</name>
    <pose>Unspecified</pose>
    <truncated>0</truncated>
    <difficult>0</difficult>
    <bndbox>
        <xmin>184.02304147465438</xmin>
        <ymin>202.4805699481865</ymin>
        <xmax>267.926267281106</xmax>
        <ymax>285.630829015544</ymax>
    </bndbox>
</object><object>
    <name>FresaMadura</name>
    <pose>Unspecified</pose>
    <truncated>0</truncated>
    <difficult>0</difficult>
    <bndbox>
        <xmin>340.54838709677415</xmin>
        <ymin>203.18523316062175</ymin>
        <xmax>434.3225806451612</xmax>
        <ymax>296.9054404145078</ymax>
    </bndbox>
</object><object>
    <name>FresaMadura</name>
    <pose>Unspecified</pose>
    <truncated>0</truncated>
    <difficult>0</difficult>
    <bndbox>
        <xmin>492.1382488479262</xmin>
        <ymin>200.3665803108808</ymin>
        <xmax>589.4377880184331</xmax>
        <ymax>296.2007772020725</ymax>
    </bndbox>
</object>
</annotation>
