<annotation verified="yes">
    <folder>Annotation</folder>
    <filename>60.jpg</filename>
    <path>Fresas-PascalVOC-export/Annotations/60.jpg</path>
    <source>
        <database>Unknown</database>
    </source>
    <size>
        <width>1300</width>
        <height>867</height>
        <depth>3</depth>
    </size>
    <segmented>0</segmented>
    <object>
    <name>FresaMadura</name>
    <pose>Unspecified</pose>
    <truncated>0</truncated>
    <difficult>0</difficult>
    <bndbox>
        <xmin>53.12145289443814</xmin>
        <ymin>98.46827168367345</ymin>
        <xmax>1065.3802497162317</xmax>
        <ymax>867</ymax>
    </bndbox>
</object>
</annotation>
