<annotation verified="yes">
    <folder>Annotation</folder>
    <filename>61.jpg</filename>
    <path>Fresas-PascalVOC-export/Annotations/61.jpg</path>
    <source>
        <database>Unknown</database>
    </source>
    <size>
        <width>762</width>
        <height>492</height>
        <depth>3</depth>
    </size>
    <segmented>0</segmented>
    <object>
    <name>FresaMadura</name>
    <pose>Unspecified</pose>
    <truncated>0</truncated>
    <difficult>0</difficult>
    <bndbox>
        <xmin>189.41884222474462</xmin>
        <ymin>47.92190246045694</ymin>
        <xmax>751.6208853575483</xmax>
        <ymax>478.52998681898066</ymax>
    </bndbox>
</object>
</annotation>
