<annotation verified="yes">
    <folder>Annotation</folder>
    <filename>62.jpg</filename>
    <path>Fresas-PascalVOC-export/Annotations/62.jpg</path>
    <source>
        <database>Unknown</database>
    </source>
    <size>
        <width>626</width>
        <height>355</height>
        <depth>3</depth>
    </size>
    <segmented>0</segmented>
    <object>
    <name>FresaMadura</name>
    <pose>Unspecified</pose>
    <truncated>0</truncated>
    <difficult>0</difficult>
    <bndbox>
        <xmin>284.22247446084</xmin>
        <ymin>104.236875</ymin>
        <xmax>503.78433598183886</xmax>
        <ymax>322.20687499999997</ymax>
    </bndbox>
</object><object>
    <name>FresaMadura</name>
    <pose>Unspecified</pose>
    <truncated>0</truncated>
    <difficult>0</difficult>
    <bndbox>
        <xmin>110.84676503972759</xmin>
        <ymin>72.286875</ymin>
        <xmax>301.27582292849036</xmax>
        <ymax>263.986875</ymax>
    </bndbox>
</object><object>
    <name>FresaMadura</name>
    <pose>Unspecified</pose>
    <truncated>0</truncated>
    <difficult>0</difficult>
    <bndbox>
        <xmin>34.106696935300796</xmin>
        <ymin>46.016875</ymin>
        <xmax>182.61293984108968</xmax>
        <ymax>190.146875</ymax>
    </bndbox>
</object><object>
    <name>FresaMadura</name>
    <pose>Unspecified</pose>
    <truncated>0</truncated>
    <difficult>0</difficult>
    <bndbox>
        <xmin>270.7219069239501</xmin>
        <ymin>32.526875</ymin>
        <xmax>407.8592508513054</xmax>
        <ymax>159.616875</ymax>
    </bndbox>
</object>
</annotation>
