<annotation verified="yes">
    <folder>Annotation</folder>
    <filename>65.jpg</filename>
    <path>Fresas-PascalVOC-export/Annotations/65.jpg</path>
    <source>
        <database>Unknown</database>
    </source>
    <size>
        <width>1181</width>
        <height>901</height>
        <depth>3</depth>
    </size>
    <segmented>0</segmented>
    <object>
    <name>FresaInmadura</name>
    <pose>Unspecified</pose>
    <truncated>0</truncated>
    <difficult>0</difficult>
    <bndbox>
        <xmin>558.9759114583334</xmin>
        <ymin>171.5480132450331</ymin>
        <xmax>1131.581972064394</xmax>
        <ymax>810.0049668874171</ymax>
    </bndbox>
</object>
</annotation>
