<annotation verified="yes">
    <folder>Annotation</folder>
    <filename>68.jpg</filename>
    <path>Fresas-PascalVOC-export/Annotations/68.jpg</path>
    <source>
        <database>Unknown</database>
    </source>
    <size>
        <width>1280</width>
        <height>960</height>
        <depth>3</depth>
    </size>
    <segmented>0</segmented>
    <object>
    <name>FresaMadura</name>
    <pose>Unspecified</pose>
    <truncated>0</truncated>
    <difficult>0</difficult>
    <bndbox>
        <xmin>713.416149068323</xmin>
        <ymin>90.59602649006622</ymin>
        <xmax>1128.4223602484471</xmax>
        <ymax>643.7086092715232</ymax>
    </bndbox>
</object><object>
    <name>FresaMadura</name>
    <pose>Unspecified</pose>
    <truncated>0</truncated>
    <difficult>0</difficult>
    <bndbox>
        <xmin>354.06211180124217</xmin>
        <ymin>343.3112582781456</ymin>
        <xmax>823.1304347826085</xmax>
        <ymax>848.7417218543044</ymax>
    </bndbox>
</object><object>
    <name>FresaMadura</name>
    <pose>Unspecified</pose>
    <truncated>0</truncated>
    <difficult>0</difficult>
    <bndbox>
        <xmin>0</xmin>
        <ymin>244.76821192052978</ymin>
        <xmax>357.2422360248447</xmax>
        <ymax>685.0331125827814</ymax>
    </bndbox>
</object><object>
    <name>FresaMadura</name>
    <pose>Unspecified</pose>
    <truncated>0</truncated>
    <difficult>0</difficult>
    <bndbox>
        <xmin>151.055900621118</xmin>
        <ymin>540.3973509933775</ymin>
        <xmax>459.0062111801242</xmax>
        <ymax>893.2450331125827</ymax>
    </bndbox>
</object><object>
    <name>FresaMadura</name>
    <pose>Unspecified</pose>
    <truncated>0</truncated>
    <difficult>0</difficult>
    <bndbox>
        <xmin>187.10559006211176</xmin>
        <ymin>0</ymin>
        <xmax>667.3043478260868</xmax>
        <ymax>414.8344370860927</ymax>
    </bndbox>
</object>
</annotation>
