<annotation verified="yes">
    <folder>Annotation</folder>
    <filename>69.jpg</filename>
    <path>Fresas-PascalVOC-export/Annotations/69.jpg</path>
    <source>
        <database>Unknown</database>
    </source>
    <size>
        <width>503</width>
        <height>502</height>
        <depth>3</depth>
    </size>
    <segmented>0</segmented>
    <object>
    <name>FresaMadura</name>
    <pose>Unspecified</pose>
    <truncated>0</truncated>
    <difficult>0</difficult>
    <bndbox>
        <xmin>123.55457128099174</xmin>
        <ymin>135.47350993377484</ymin>
        <xmax>412.88349690082646</xmax>
        <ymax>443.82119205298017</ymax>
    </bndbox>
</object>
</annotation>
