<annotation verified="yes">
    <folder>Annotation</folder>
    <filename>7.jpg</filename>
    <path>Fresas-PascalVOC-export/Annotations/7.jpg</path>
    <source>
        <database>Unknown</database>
    </source>
    <size>
        <width>612</width>
        <height>280</height>
        <depth>3</depth>
    </size>
    <segmented>0</segmented>
    <object>
    <name>FresaMadura</name>
    <pose>Unspecified</pose>
    <truncated>0</truncated>
    <difficult>0</difficult>
    <bndbox>
        <xmin>303.9324324324323</xmin>
        <ymin>64.92456896551728</ymin>
        <xmax>518.27027027027</xmax>
        <ymax>254.48275862068965</ymax>
    </bndbox>
</object><object>
    <name>FresaInmadura</name>
    <pose>Unspecified</pose>
    <truncated>0</truncated>
    <difficult>0</difficult>
    <bndbox>
        <xmin>136.45945945945945</xmin>
        <ymin>128.37284482758622</ymin>
        <xmax>277.05405405405406</xmax>
        <ymax>249.7521551724138</ymax>
    </bndbox>
</object>
</annotation>
