<annotation verified="yes">
    <folder>Annotation</folder>
    <filename>70.jpg</filename>
    <path>Fresas-PascalVOC-export/Annotations/70.jpg</path>
    <source>
        <database>Unknown</database>
    </source>
    <size>
        <width>900</width>
        <height>602</height>
        <depth>3</depth>
    </size>
    <segmented>0</segmented>
    <object>
    <name>FresaInmadura</name>
    <pose>Unspecified</pose>
    <truncated>0</truncated>
    <difficult>0</difficult>
    <bndbox>
        <xmin>93.24324324324326</xmin>
        <ymin>179.38383838383837</ymin>
        <xmax>319.2567567567568</xmax>
        <ymax>462.1414141414141</ymax>
    </bndbox>
</object><object>
    <name>FresaMadura</name>
    <pose>Unspecified</pose>
    <truncated>0</truncated>
    <difficult>0</difficult>
    <bndbox>
        <xmin>486.4864864864865</xmin>
        <ymin>242.2188552188552</ymin>
        <xmax>781.418918918919</xmax>
        <ymax>559.4343434343434</ymax>
    </bndbox>
</object>
</annotation>
