<annotation verified="yes">
    <folder>Annotation</folder>
    <filename>71.jpg</filename>
    <path>Fresas-PascalVOC-export/Annotations/71.jpg</path>
    <source>
        <database>Unknown</database>
    </source>
    <size>
        <width>2260</width>
        <height>1885</height>
        <depth>3</depth>
    </size>
    <segmented>0</segmented>
    <object>
    <name>FresaMadura</name>
    <pose>Unspecified</pose>
    <truncated>0</truncated>
    <difficult>0</difficult>
    <bndbox>
        <xmin>106.13259668508287</xmin>
        <ymin>502.4586092715232</ymin>
        <xmax>2151.038501381215</xmax>
        <ymax>1885</ymax>
    </bndbox>
</object><object>
    <name>FresaInmadura</name>
    <pose>Unspecified</pose>
    <truncated>0</truncated>
    <difficult>0</difficult>
    <bndbox>
        <xmin>730.4419889502763</xmin>
        <ymin>599.205298013245</ymin>
        <xmax>1542.336843922652</xmax>
        <ymax>1641.57284768212</ymax>
    </bndbox>
</object>
</annotation>
