<annotation verified="yes">
    <folder>Annotation</folder>
    <filename>72.jpg</filename>
    <path>Fresas-PascalVOC-export/Annotations/72.jpg</path>
    <source>
        <database>Unknown</database>
    </source>
    <size>
        <width>800</width>
        <height>800</height>
        <depth>3</depth>
    </size>
    <segmented>0</segmented>
    <object>
    <name>FresaInmadura</name>
    <pose>Unspecified</pose>
    <truncated>0</truncated>
    <difficult>0</difficult>
    <bndbox>
        <xmin>0</xmin>
        <ymin>72.8476821192053</ymin>
        <xmax>150.9933774834437</xmax>
        <ymax>321.85430463576165</ymax>
    </bndbox>
</object><object>
    <name>FresaInmadura</name>
    <pose>Unspecified</pose>
    <truncated>0</truncated>
    <difficult>0</difficult>
    <bndbox>
        <xmin>0</xmin>
        <ymin>323.1788079470199</ymin>
        <xmax>279.4701986754967</xmax>
        <ymax>593.3774834437088</ymax>
    </bndbox>
</object><object>
    <name>FresaInmadura</name>
    <pose>Unspecified</pose>
    <truncated>0</truncated>
    <difficult>0</difficult>
    <bndbox>
        <xmin>193.37748344370863</xmin>
        <ymin>378.8079470198676</ymin>
        <xmax>568.2119205298013</xmax>
        <ymax>794.701986754967</ymax>
    </bndbox>
</object><object>
    <name>FresaInmadura</name>
    <pose>Unspecified</pose>
    <truncated>0</truncated>
    <difficult>0</difficult>
    <bndbox>
        <xmin>515.2317880794702</xmin>
        <ymin>176.15894039735102</ymin>
        <xmax>796.0264900662253</xmax>
        <ymax>615.8940397350993</ymax>
    </bndbox>
</object>
</annotation>
