<annotation verified="yes">
    <folder>Annotation</folder>
    <filename>75.jpg</filename>
    <path>Fresas-PascalVOC-export/Annotations/75.jpg</path>
    <source>
        <database>Unknown</database>
    </source>
    <size>
        <width>839</width>
        <height>637</height>
        <depth>3</depth>
    </size>
    <segmented>0</segmented>
    <object>
    <name>FresaMadura</name>
    <pose>Unspecified</pose>
    <truncated>0</truncated>
    <difficult>0</difficult>
    <bndbox>
        <xmin>194.7631516959799</xmin>
        <ymin>167.68708609271522</ymin>
        <xmax>586.8586290829146</xmax>
        <ymax>610.6341059602648</ymax>
    </bndbox>
</object>
</annotation>
