<annotation verified="yes">
    <folder>Annotation</folder>
    <filename>76.jpg</filename>
    <path>Fresas-PascalVOC-export/Annotations/76.jpg</path>
    <source>
        <database>Unknown</database>
    </source>
    <size>
        <width>640</width>
        <height>404</height>
        <depth>3</depth>
    </size>
    <segmented>0</segmented>
    <object>
    <name>FresaMadura</name>
    <pose>Unspecified</pose>
    <truncated>0</truncated>
    <difficult>0</difficult>
    <bndbox>
        <xmin>116.62870159453304</xmin>
        <ymin>76.6615523465704</ymin>
        <xmax>266.78815489749434</xmax>
        <ymax>223.23916967509027</ymax>
    </bndbox>
</object><object>
    <name>FresaInmadura</name>
    <pose>Unspecified</pose>
    <truncated>0</truncated>
    <difficult>0</difficult>
    <bndbox>
        <xmin>339.6810933940775</xmin>
        <ymin>54.05505415162455</ymin>
        <xmax>467.9726651480638</xmax>
        <ymax>175.83844765342963</ymax>
    </bndbox>
</object><object>
    <name>FresaInmadura</name>
    <pose>Unspecified</pose>
    <truncated>0</truncated>
    <difficult>0</difficult>
    <bndbox>
        <xmin>317.08428246013676</xmin>
        <ymin>263.2563176895307</ymin>
        <xmax>459.22551252847387</xmax>
        <ymax>388.04783393501816</ymax>
    </bndbox>
</object><object>
    <name>FresaInmadura</name>
    <pose>Unspecified</pose>
    <truncated>0</truncated>
    <difficult>0</difficult>
    <bndbox>
        <xmin>186.60592255125286</xmin>
        <ymin>371.27527075812276</ymin>
        <xmax>293.7585421412301</xmax>
        <ymax>404</ymax>
    </bndbox>
</object><object>
    <name>FresaInmadura</name>
    <pose>Unspecified</pose>
    <truncated>0</truncated>
    <difficult>0</difficult>
    <bndbox>
        <xmin>435.1708428246014</xmin>
        <ymin>0</ymin>
        <xmax>510.9794988610479</xmax>
        <ymax>45.30415162454874</ymax>
    </bndbox>
</object><object>
    <name>FresaInmadura</name>
    <pose>Unspecified</pose>
    <truncated>0</truncated>
    <difficult>0</difficult>
    <bndbox>
        <xmin>444.64692482915723</xmin>
        <ymin>175.1092057761733</ymin>
        <xmax>513.8952164009112</xmax>
        <ymax>249.4918772563177</ymax>
    </bndbox>
</object>
</annotation>
