<annotation verified="yes">
    <folder>Annotation</folder>
    <filename>78.jpg</filename>
    <path>Fresas-PascalVOC-export/Annotations/78.jpg</path>
    <source>
        <database>Unknown</database>
    </source>
    <size>
        <width>626</width>
        <height>415</height>
        <depth>3</depth>
    </size>
    <segmented>0</segmented>
    <object>
    <name>FresaMadura</name>
    <pose>Unspecified</pose>
    <truncated>0</truncated>
    <difficult>0</difficult>
    <bndbox>
        <xmin>112.65148063781321</xmin>
        <ymin>126.23362328178695</ymin>
        <xmax>315.1389521640091</xmax>
        <ymax>351.5600837628866</ymax>
    </bndbox>
</object><object>
    <name>FresaMadura</name>
    <pose>Unspecified</pose>
    <truncated>0</truncated>
    <difficult>0</difficult>
    <bndbox>
        <xmin>309.4350797266514</xmin>
        <ymin>148.31615120274915</ymin>
        <xmax>512.6355353075169</xmax>
        <ymax>346.5686748281787</ymax>
    </bndbox>
</object>
</annotation>
