<annotation verified="yes">
    <folder>Annotation</folder>
    <filename>79.jpg</filename>
    <path>Fresas-PascalVOC-export/Annotations/79.jpg</path>
    <source>
        <database>Unknown</database>
    </source>
    <size>
        <width>445</width>
        <height>297</height>
        <depth>3</depth>
    </size>
    <segmented>0</segmented>
    <object>
    <name>FresaMadura</name>
    <pose>Unspecified</pose>
    <truncated>0</truncated>
    <difficult>0</difficult>
    <bndbox>
        <xmin>160.15945330296128</xmin>
        <ymin>43.58703071672355</ymin>
        <xmax>266.59453302961276</xmax>
        <ymax>162.18430034129693</ymax>
    </bndbox>
</object><object>
    <name>FresaMadura</name>
    <pose>Unspecified</pose>
    <truncated>0</truncated>
    <difficult>0</difficult>
    <bndbox>
        <xmin>311.7027334851936</xmin>
        <ymin>151.54095563139933</ymin>
        <xmax>413.5763097949886</xmax>
        <ymax>249.35836177474403</ymax>
    </bndbox>
</object><object>
    <name>FresaMadura</name>
    <pose>Unspecified</pose>
    <truncated>0</truncated>
    <difficult>0</difficult>
    <bndbox>
        <xmin>266.59453302961276</xmin>
        <ymin>30.91638225255972</ymin>
        <xmax>397.3576309794989</xmax>
        <ymax>166.23890784982933</ymax>
    </bndbox>
</object>
</annotation>
