<annotation verified="yes">
    <folder>Annotation</folder>
    <filename>80.jpg</filename>
    <path>Fresas-PascalVOC-export/Annotations/80.jpg</path>
    <source>
        <database>Unknown</database>
    </source>
    <size>
        <width>626</width>
        <height>415</height>
        <depth>3</depth>
    </size>
    <segmented>0</segmented>
    <object>
    <name>FresaMadura</name>
    <pose>Unspecified</pose>
    <truncated>0</truncated>
    <difficult>0</difficult>
    <bndbox>
        <xmin>116.21640091116173</xmin>
        <ymin>167.59101159793815</ymin>
        <xmax>261.6651480637813</xmax>
        <ymax>289.5240012886598</ymax>
    </bndbox>
</object><object>
    <name>FresaMadura</name>
    <pose>Unspecified</pose>
    <truncated>0</truncated>
    <difficult>0</difficult>
    <bndbox>
        <xmin>343.65831435079724</xmin>
        <ymin>151.90372637457045</ymin>
        <xmax>507.6446469248291</xmax>
        <ymax>289.5240012886598</ymax>
    </bndbox>
</object><object>
    <name>FresaMadura</name>
    <pose>Unspecified</pose>
    <truncated>0</truncated>
    <difficult>0</difficult>
    <bndbox>
        <xmin>223.876993166287</xmin>
        <ymin>101.98963702749141</ymin>
        <xmax>384.2984054669704</xmax>
        <ymax>282.39341709621993</ymax>
    </bndbox>
</object>
</annotation>
