<annotation verified="yes">
    <folder>Annotation</folder>
    <filename>83.jpg</filename>
    <path>Fresas-PascalVOC-export/Annotations/83.jpg</path>
    <source>
        <database>Unknown</database>
    </source>
    <size>
        <width>383</width>
        <height>484</height>
        <depth>3</depth>
    </size>
    <segmented>0</segmented>
    <object>
    <name>FresaMadura</name>
    <pose>Unspecified</pose>
    <truncated>0</truncated>
    <difficult>0</difficult>
    <bndbox>
        <xmin>81.71551385983264</xmin>
        <ymin>25.642384105960264</ymin>
        <xmax>165.04605779288704</xmax>
        <ymax>100.16556291390728</ymax>
    </bndbox>
</object><object>
    <name>FresaMadura</name>
    <pose>Unspecified</pose>
    <truncated>0</truncated>
    <difficult>0</difficult>
    <bndbox>
        <xmin>145.81593226987448</xmin>
        <ymin>155.4569536423841</ymin>
        <xmax>274.0167690899582</xmax>
        <ymax>310.1125827814569</ymax>
    </bndbox>
</object><object>
    <name>FresaMadura</name>
    <pose>Unspecified</pose>
    <truncated>0</truncated>
    <difficult>0</difficult>
    <bndbox>
        <xmin>165.84731302301256</xmin>
        <ymin>383.0331125827814</ymin>
        <xmax>236.3577732740586</xmax>
        <ymax>472.78145695364236</ymax>
    </bndbox>
</object>
</annotation>
