<annotation verified="yes">
    <folder>Annotation</folder>
    <filename>84.jpg</filename>
    <path>Fresas-PascalVOC-export/Annotations/84.jpg</path>
    <source>
        <database>Unknown</database>
    </source>
    <size>
        <width>231</width>
        <height>261</height>
        <depth>3</depth>
    </size>
    <segmented>0</segmented>
    <object>
    <name>FresaMadura</name>
    <pose>Unspecified</pose>
    <truncated>0</truncated>
    <difficult>0</difficult>
    <bndbox>
        <xmin>44.16930490654206</xmin>
        <ymin>55.74337748344371</ymin>
        <xmax>203.0627628504673</xmax>
        <ymax>197.04635761589404</ymax>
    </bndbox>
</object>
</annotation>
