<annotation verified="yes">
    <folder>Annotation</folder>
    <filename>86.jpg</filename>
    <path>Fresas-PascalVOC-export/Annotations/86.jpg</path>
    <source>
        <database>Unknown</database>
    </source>
    <size>
        <width>600</width>
        <height>450</height>
        <depth>3</depth>
    </size>
    <segmented>0</segmented>
    <object>
    <name>FresaInmadura</name>
    <pose>Unspecified</pose>
    <truncated>0</truncated>
    <difficult>0</difficult>
    <bndbox>
        <xmin>40.003881987577635</xmin>
        <ymin>99.08940397350993</ymin>
        <xmax>207.70574534161491</xmax>
        <ymax>258.52649006622516</ymax>
    </bndbox>
</object><object>
    <name>FresaInmadura</name>
    <pose>Unspecified</pose>
    <truncated>0</truncated>
    <difficult>0</difficult>
    <bndbox>
        <xmin>319.5069875776397</xmin>
        <ymin>235.43046357615896</ymin>
        <xmax>475.52795031055894</xmax>
        <ymax>412.00331125827813</ymax>
    </bndbox>
</object><object>
    <name>FresaInmadura</name>
    <pose>Unspecified</pose>
    <truncated>0</truncated>
    <difficult>0</difficult>
    <bndbox>
        <xmin>191.30822981366458</xmin>
        <ymin>186.25827814569539</ymin>
        <xmax>331.4324534161491</xmax>
        <ymax>324.83443708609275</ymax>
    </bndbox>
</object><object>
    <name>FresaInmadura</name>
    <pose>Unspecified</pose>
    <truncated>0</truncated>
    <difficult>0</difficult>
    <bndbox>
        <xmin>189.07220496894408</xmin>
        <ymin>6.7052980132450335</ymin>
        <xmax>264.35170807453414</xmax>
        <ymax>90.14900662251655</ymax>
    </bndbox>
</object><object>
    <name>FresaInmadura</name>
    <pose>Unspecified</pose>
    <truncated>0</truncated>
    <difficult>0</difficult>
    <bndbox>
        <xmin>48.94798136645962</xmin>
        <ymin>30.546357615894042</ymin>
        <xmax>145.09704968944098</xmax>
        <ymax>134.10596026490066</ymax>
    </bndbox>
</object>
</annotation>
