<annotation verified="yes">
    <folder>Annotation</folder>
    <filename>87.jpg</filename>
    <path>Fresas-PascalVOC-export/Annotations/87.jpg</path>
    <source>
        <database>Unknown</database>
    </source>
    <size>
        <width>995</width>
        <height>923</height>
        <depth>3</depth>
    </size>
    <segmented>0</segmented>
    <object>
    <name>FresaInmadura</name>
    <pose>Unspecified</pose>
    <truncated>0</truncated>
    <difficult>0</difficult>
    <bndbox>
        <xmin>161.3436059907834</xmin>
        <ymin>322.43874172185434</ymin>
        <xmax>467.02716973886334</xmax>
        <ymax>690.7218543046358</ymax>
    </bndbox>
</object><object>
    <name>FresaInmadura</name>
    <pose>Unspecified</pose>
    <truncated>0</truncated>
    <difficult>0</difficult>
    <bndbox>
        <xmin>298.90120967741933</xmin>
        <ymin>560.8294701986755</ymin>
        <xmax>548.0333141321045</xmax>
        <ymax>912.3029801324503</ymax>
    </bndbox>
</object><object>
    <name>FresaInmadura</name>
    <pose>Unspecified</pose>
    <truncated>0</truncated>
    <difficult>0</difficult>
    <bndbox>
        <xmin>483.8397657450077</xmin>
        <ymin>343.8327814569537</ymin>
        <xmax>720.7445276497696</xmax>
        <ymax>712.1158940397352</ymax>
    </bndbox>
</object><object>
    <name>FresaInmadura</name>
    <pose>Unspecified</pose>
    <truncated>0</truncated>
    <difficult>0</difficult>
    <bndbox>
        <xmin>746.7276305683564</xmin>
        <ymin>430.9370860927153</ymin>
        <xmax>856.7737135176651</xmax>
        <ymax>576.1109271523179</ymax>
    </bndbox>
</object><object>
    <name>FresaInmadura</name>
    <pose>Unspecified</pose>
    <truncated>0</truncated>
    <difficult>0</difficult>
    <bndbox>
        <xmin>940.8366935483871</xmin>
        <ymin>382.0364238410596</ymin>
        <xmax>995</xmax>
        <ymax>511.9288079470199</ymax>
    </bndbox>
</object><object>
    <name>FresaInmadura</name>
    <pose>Unspecified</pose>
    <truncated>0</truncated>
    <difficult>0</difficult>
    <bndbox>
        <xmin>847.6032066052228</xmin>
        <ymin>501.2317880794702</ymin>
        <xmax>946.9503648233488</xmax>
        <ymax>623.4834437086093</ymax>
    </bndbox>
</object>
</annotation>
