<annotation verified="yes">
    <folder>Annotation</folder>
    <filename>88.jpg</filename>
    <path>Fresas-PascalVOC-export/Annotations/88.jpg</path>
    <source>
        <database>Unknown</database>
    </source>
    <size>
        <width>348</width>
        <height>350</height>
        <depth>3</depth>
    </size>
    <segmented>0</segmented>
    <object>
    <name>FresaInmadura</name>
    <pose>Unspecified</pose>
    <truncated>0</truncated>
    <difficult>0</difficult>
    <bndbox>
        <xmin>129.28764559068222</xmin>
        <ymin>122.2682119205298</ymin>
        <xmax>223.091306156406</xmax>
        <ymax>217.88079470198676</ymax>
    </bndbox>
</object>
</annotation>
