<annotation verified="yes">
    <folder>Annotation</folder>
    <filename>90.jpg</filename>
    <path>Fresas-PascalVOC-export/Annotations/90.jpg</path>
    <source>
        <database>Unknown</database>
    </source>
    <size>
        <width>725</width>
        <height>669</height>
        <depth>3</depth>
    </size>
    <segmented>0</segmented>
    <object>
    <name>FresaInmadura</name>
    <pose>Unspecified</pose>
    <truncated>0</truncated>
    <difficult>0</difficult>
    <bndbox>
        <xmin>159.70062022900763</xmin>
        <ymin>56.48841059602649</ymin>
        <xmax>236.07466603053433</xmax>
        <ymax>137.34437086092714</ymax>
    </bndbox>
</object><object>
    <name>FresaInmadura</name>
    <pose>Unspecified</pose>
    <truncated>0</truncated>
    <difficult>0</difficult>
    <bndbox>
        <xmin>63.40291030534351</xmin>
        <ymin>173.8956953642384</ymin>
        <xmax>139.77695610687022</xmax>
        <ymax>241.46026490066225</ymax>
    </bndbox>
</object><object>
    <name>FresaInmadura</name>
    <pose>Unspecified</pose>
    <truncated>0</truncated>
    <difficult>0</difficult>
    <bndbox>
        <xmin>30.196803435114504</xmin>
        <ymin>237.02980132450332</ymin>
        <xmax>96.60901717557252</xmax>
        <ymax>303.4867549668874</ymax>
    </bndbox>
</object><object>
    <name>FresaInmadura</name>
    <pose>Unspecified</pose>
    <truncated>0</truncated>
    <difficult>0</difficult>
    <bndbox>
        <xmin>23.5555820610687</xmin>
        <ymin>335.6076158940397</ymin>
        <xmax>95.50214694656489</xmax>
        <ymax>406.49503311258275</ymax>
    </bndbox>
</object><object>
    <name>FresaInmadura</name>
    <pose>Unspecified</pose>
    <truncated>0</truncated>
    <difficult>0</difficult>
    <bndbox>
        <xmin>246.03649809160305</xmin>
        <ymin>68.67218543046359</ymin>
        <xmax>312.44871183206106</xmax>
        <ymax>128.4834437086093</ymax>
    </bndbox>
</object><object>
    <name>FresaInmadura</name>
    <pose>Unspecified</pose>
    <truncated>0</truncated>
    <difficult>0</difficult>
    <bndbox>
        <xmin>145.3113072519084</xmin>
        <ymin>134.02152317880794</ymin>
        <xmax>201.76168893129773</xmax>
        <ymax>182.7566225165563</ymax>
    </bndbox>
</object><object>
    <name>FresaInmadura</name>
    <pose>Unspecified</pose>
    <truncated>0</truncated>
    <difficult>0</difficult>
    <bndbox>
        <xmin>320.1968034351145</xmin>
        <ymin>94.14735099337749</ymin>
        <xmax>382.181536259542</xmax>
        <ymax>151.7433774834437</ymax>
    </bndbox>
</object><object>
    <name>FresaInmadura</name>
    <pose>Unspecified</pose>
    <truncated>0</truncated>
    <difficult>0</difficult>
    <bndbox>
        <xmin>183.74045801526717</xmin>
        <ymin>255.85927152317885</ymin>
        <xmax>252.67771946564886</xmax>
        <ymax>324.5314569536425</ymax>
    </bndbox>
</object><object>
    <name>FresaInmadura</name>
    <pose>Unspecified</pose>
    <truncated>0</truncated>
    <difficult>0</difficult>
    <bndbox>
        <xmin>358.93726145038164</xmin>
        <ymin>513.9337748344371</ymin>
        <xmax>410.96016221374043</xmax>
        <ymax>575.9602649006623</ymax>
    </bndbox>
</object><object>
    <name>FresaInmadura</name>
    <pose>Unspecified</pose>
    <truncated>0</truncated>
    <difficult>0</difficult>
    <bndbox>
        <xmin>296.9525286259542</xmin>
        <ymin>529.4403973509934</ymin>
        <xmax>357.5190839694656</xmax>
        <ymax>601.4354304635763</ymax>
    </bndbox>
</object><object>
    <name>FresaInmadura</name>
    <pose>Unspecified</pose>
    <truncated>0</truncated>
    <difficult>0</difficult>
    <bndbox>
        <xmin>270.387643129771</xmin>
        <ymin>585.9288079470199</ymin>
        <xmax>321.30367366412213</xmax>
        <ymax>629.1258278145696</ymax>
    </bndbox>
</object><object>
    <name>FresaInmadura</name>
    <pose>Unspecified</pose>
    <truncated>0</truncated>
    <difficult>0</difficult>
    <bndbox>
        <xmin>470.73115458015263</xmin>
        <ymin>501.75</ymin>
        <xmax>547.1052003816793</xmax>
        <ymax>571.5298013245034</ymax>
    </bndbox>
</object><object>
    <name>FresaInmadura</name>
    <pose>Unspecified</pose>
    <truncated>0</truncated>
    <difficult>0</difficult>
    <bndbox>
        <xmin>226.11283396946564</xmin>
        <ymin>525.0099337748345</ymin>
        <xmax>291.41817748091603</xmax>
        <ymax>588.1440397350995</ymax>
    </bndbox>
</object><object>
    <name>FresaInmadura</name>
    <pose>Unspecified</pose>
    <truncated>0</truncated>
    <difficult>0</difficult>
    <bndbox>
        <xmin>168.5555820610687</xmin>
        <ymin>507.2880794701987</ymin>
        <xmax>229.43344465648852</xmax>
        <ymax>574.8526490066225</ymax>
    </bndbox>
</object><object>
    <name>FresaInmadura</name>
    <pose>Unspecified</pose>
    <truncated>0</truncated>
    <difficult>0</difficult>
    <bndbox>
        <xmin>99.92962786259541</xmin>
        <ymin>491.7814569536424</ymin>
        <xmax>168.5555820610687</xmax>
        <ymax>546.0546357615895</ymax>
    </bndbox>
</object><object>
    <name>FresaInmadura</name>
    <pose>Unspecified</pose>
    <truncated>0</truncated>
    <difficult>0</difficult>
    <bndbox>
        <xmin>98.82275763358778</xmin>
        <ymin>262.50496688741725</ymin>
        <xmax>170.76932251908397</xmax>
        <ymax>334.5</ymax>
    </bndbox>
</object><object>
    <name>FresaInmadura</name>
    <pose>Unspecified</pose>
    <truncated>0</truncated>
    <difficult>0</difficult>
    <bndbox>
        <xmin>86.33587786259541</xmin>
        <ymin>424.21688741721863</ymin>
        <xmax>154.16626908396944</xmax>
        <ymax>498.4271523178809</ymax>
    </bndbox>
</object><object>
    <name>FresaInmadura</name>
    <pose>Unspecified</pose>
    <truncated>0</truncated>
    <difficult>0</difficult>
    <bndbox>
        <xmin>251.2595419847328</xmin>
        <ymin>303.4867549668874</ymin>
        <xmax>316.87619274809157</xmax>
        <ymax>371.05132450331126</ymax>
    </bndbox>
</object><object>
    <name>FresaInmadura</name>
    <pose>Unspecified</pose>
    <truncated>0</truncated>
    <difficult>0</difficult>
    <bndbox>
        <xmin>201.7616889312977</xmin>
        <ymin>121.83774834437087</ymin>
        <xmax>265.96016221374043</xmax>
        <ymax>178.32615894039736</ymax>
    </bndbox>
</object><object>
    <name>FresaInmadura</name>
    <pose>Unspecified</pose>
    <truncated>0</truncated>
    <difficult>0</difficult>
    <bndbox>
        <xmin>366.6853530534351</xmin>
        <ymin>449.6920529801325</ymin>
        <xmax>441.9525286259542</xmax>
        <ymax>505.07284768211923</ymax>
    </bndbox>
</object><object>
    <name>FresaInmadura</name>
    <pose>Unspecified</pose>
    <truncated>0</truncated>
    <difficult>0</difficult>
    <bndbox>
        <xmin>149.73878816793894</xmin>
        <ymin>409.817880794702</ymin>
        <xmax>215.0441316793893</xmax>
        <ymax>485.13576158940396</ymax>
    </bndbox>
</object><object>
    <name>FresaInmadura</name>
    <pose>Unspecified</pose>
    <truncated>0</truncated>
    <difficult>0</difficult>
    <bndbox>
        <xmin>243.82275763358777</xmin>
        <ymin>485.135761589404</ymin>
        <xmax>315.76932251908397</xmax>
        <ymax>548.2698675496689</ymax>
    </bndbox>
</object><object>
    <name>FresaInmadura</name>
    <pose>Unspecified</pose>
    <truncated>0</truncated>
    <difficult>0</difficult>
    <bndbox>
        <xmin>259.3189408396946</xmin>
        <ymin>428.64735099337753</ymin>
        <xmax>326.83802480916023</xmax>
        <ymax>490.67384105960275</ymax>
    </bndbox>
</object><object>
    <name>FresaInmadura</name>
    <pose>Unspecified</pose>
    <truncated>0</truncated>
    <difficult>0</difficult>
    <bndbox>
        <xmin>160.80749045801525</xmin>
        <ymin>326.74668874172187</ymin>
        <xmax>233.86092557251908</xmax>
        <ymax>392.09602649006627</ymax>
    </bndbox>
</object><object>
    <name>FresaInmadura</name>
    <pose>Unspecified</pose>
    <truncated>0</truncated>
    <difficult>0</difficult>
    <bndbox>
        <xmin>203.97542938931298</xmin>
        <ymin>394.3112582781457</ymin>
        <xmax>255.99833015267177</xmax>
        <ymax>456.3377483443709</ymax>
    </bndbox>
</object><object>
    <name>FresaInmadura</name>
    <pose>Unspecified</pose>
    <truncated>0</truncated>
    <difficult>0</difficult>
    <bndbox>
        <xmin>184.05176526717557</xmin>
        <ymin>470.7367549668874</ymin>
        <xmax>239.39527671755724</xmax>
        <ymax>537.1937086092715</ymax>
    </bndbox>
</object><object>
    <name>FresaInmadura</name>
    <pose>Unspecified</pose>
    <truncated>0</truncated>
    <difficult>0</difficult>
    <bndbox>
        <xmin>265.96016221374043</xmin>
        <ymin>223.73841059602657</ymin>
        <xmax>351.9847328244275</xmax>
        <ymax>299.0562913907286</ymax>
    </bndbox>
</object><object>
    <name>FresaInmadura</name>
    <pose>Unspecified</pose>
    <truncated>0</truncated>
    <difficult>0</difficult>
    <bndbox>
        <xmin>203.97542938931298</xmin>
        <ymin>204.908940397351</ymin>
        <xmax>268.17390267175574</xmax>
        <ymax>269.1506622516556</ymax>
    </bndbox>
</object><object>
    <name>FresaInmadura</name>
    <pose>Unspecified</pose>
    <truncated>0</truncated>
    <difficult>0</difficult>
    <bndbox>
        <xmin>141.9906965648855</xmin>
        <ymin>179.4337748344371</ymin>
        <xmax>225.00596374045801</xmax>
        <ymax>245.8907284768212</ymax>
    </bndbox>
</object><object>
    <name>FresaInmadura</name>
    <pose>Unspecified</pose>
    <truncated>0</truncated>
    <difficult>0</difficult>
    <bndbox>
        <xmin>278.1357347328244</xmin>
        <ymin>141.7748344370861</ymin>
        <xmax>350.0822996183206</xmax>
        <ymax>206.01655629139074</ymax>
    </bndbox>
</object><object>
    <name>FresaInmadura</name>
    <pose>Unspecified</pose>
    <truncated>0</truncated>
    <difficult>0</difficult>
    <bndbox>
        <xmin>243.82275763358777</xmin>
        <ymin>356.6523178807947</ymin>
        <xmax>308.0212309160305</xmax>
        <ymax>417.57119205298017</ymax>
    </bndbox>
</object><object>
    <name>FresaInmadura</name>
    <pose>Unspecified</pose>
    <truncated>0</truncated>
    <difficult>0</difficult>
    <bndbox>
        <xmin>353.0916030534351</xmin>
        <ymin>156.1738410596027</ymin>
        <xmax>389.9296278625954</xmax>
        <ymax>203.80132450331132</ymax>
    </bndbox>
</object><object>
    <name>FresaInmadura</name>
    <pose>Unspecified</pose>
    <truncated>0</truncated>
    <difficult>0</difficult>
    <bndbox>
        <xmin>122.06703244274809</xmin>
        <ymin>327.8543046357616</ymin>
        <xmax>170.76932251908397</xmax>
        <ymax>371.05132450331126</ymax>
    </bndbox>
</object><object>
    <name>FresaInmadura</name>
    <pose>Unspecified</pose>
    <truncated>0</truncated>
    <difficult>0</difficult>
    <bndbox>
        <xmin>262.6395515267175</xmin>
        <ymin>181.64900662251657</ymin>
        <xmax>325.41984732824426</xmax>
        <ymax>235.92218543046357</ymax>
    </bndbox>
</object><object>
    <name>FresaInmadura</name>
    <pose>Unspecified</pose>
    <truncated>0</truncated>
    <difficult>0</difficult>
    <bndbox>
        <xmin>329.05176526717554</xmin>
        <ymin>262.50496688741725</ymin>
        <xmax>392.14336832061065</xmax>
        <ymax>348.8990066225166</ymax>
    </bndbox>
</object><object>
    <name>FresaInmadura</name>
    <pose>Unspecified</pose>
    <truncated>0</truncated>
    <difficult>0</difficult>
    <bndbox>
        <xmin>442.7480916030534</xmin>
        <ymin>396.52649006622516</ymin>
        <xmax>526.0746660305343</xmax>
        <ymax>467.41390728476824</ymax>
    </bndbox>
</object><object>
    <name>FresaMadura</name>
    <pose>Unspecified</pose>
    <truncated>0</truncated>
    <difficult>0</difficult>
    <bndbox>
        <xmin>347.8685591603053</xmin>
        <ymin>573.745033112583</ymin>
        <xmax>388.51145038167937</xmax>
        <ymax>615.8344370860929</ymax>
    </bndbox>
</object><object>
    <name>FresaInmadura</name>
    <pose>Unspecified</pose>
    <truncated>0</truncated>
    <difficult>0</difficult>
    <bndbox>
        <xmin>372.21970419847327</xmin>
        <ymin>341.1456953642384</ymin>
        <xmax>427.25190839694653</xmax>
        <ymax>400.9569536423841</ymax>
    </bndbox>
</object><object>
    <name>FresaInmadura</name>
    <pose>Unspecified</pose>
    <truncated>0</truncated>
    <difficult>0</difficult>
    <bndbox>
        <xmin>142.78625954198472</xmin>
        <ymin>243.67549668874173</ymin>
        <xmax>188.4792461832061</xmax>
        <ymax>292.41059602649005</ymax>
    </bndbox>
</object><object>
    <name>FresaInmadura</name>
    <pose>Unspecified</pose>
    <truncated>0</truncated>
    <difficult>0</difficult>
    <bndbox>
        <xmin>98.51145038167938</xmin>
        <ymin>237.0298013245034</ymin>
        <xmax>146.10687022900763</xmax>
        <ymax>269.1506622516557</ymax>
    </bndbox>
</object><object>
    <name>FresaInmadura</name>
    <pose>Unspecified</pose>
    <truncated>0</truncated>
    <difficult>0</difficult>
    <bndbox>
        <xmin>143.09756679389312</xmin>
        <ymin>377.69701986754967</ymin>
        <xmax>217.25787213740458</xmax>
        <ymax>437.5082781456954</ymax>
    </bndbox>
</object><object>
    <name>FresaInmadura</name>
    <pose>Unspecified</pose>
    <truncated>0</truncated>
    <difficult>0</difficult>
    <bndbox>
        <xmin>93.28840648854961</xmin>
        <ymin>358.8675496688742</ymin>
        <xmax>135.34947519083968</xmax>
        <ymax>399.8493377483444</ymax>
    </bndbox>
</object><object>
    <name>FresaInmadura</name>
    <pose>Unspecified</pose>
    <truncated>0</truncated>
    <difficult>0</difficult>
    <bndbox>
        <xmin>75.26717557251908</xmin>
        <ymin>301.27152317880797</ymin>
        <xmax>117.63955152671755</xmax>
        <ymax>347.7913907284768</ymax>
    </bndbox>
</object><object>
    <name>FresaMadura</name>
    <pose>Unspecified</pose>
    <truncated>0</truncated>
    <difficult>0</difficult>
    <bndbox>
        <xmin>528.2884064885495</xmin>
        <ymin>122.9453642384106</ymin>
        <xmax>607.9830629770992</xmax>
        <ymax>207.1241721854305</ymax>
    </bndbox>
</object><object>
    <name>FresaMadura</name>
    <pose>Unspecified</pose>
    <truncated>0</truncated>
    <difficult>0</difficult>
    <bndbox>
        <xmin>384.39527671755724</xmin>
        <ymin>137.34437086092717</ymin>
        <xmax>451.91436068702285</xmax>
        <ymax>204.90894039735102</ymax>
    </bndbox>
</object><object>
    <name>FresaInmadura</name>
    <pose>Unspecified</pose>
    <truncated>0</truncated>
    <difficult>0</difficult>
    <bndbox>
        <xmin>315.76932251908397</xmin>
        <ymin>366.6208609271523</ymin>
        <xmax>384.39527671755724</xmax>
        <ymax>448.5844370860927</ymax>
    </bndbox>
</object><object>
    <name>FresaInmadura</name>
    <pose>Unspecified</pose>
    <truncated>0</truncated>
    <difficult>0</difficult>
    <bndbox>
        <xmin>589.1662690839695</xmin>
        <ymin>269.15066225165566</ymin>
        <xmax>662.2197041984733</xmax>
        <ymax>341.1456953642384</ymax>
    </bndbox>
</object><object>
    <name>FresaInmadura</name>
    <pose>Unspecified</pose>
    <truncated>0</truncated>
    <difficult>0</difficult>
    <bndbox>
        <xmin>457.44871183206106</xmin>
        <ymin>252.53642384105964</ymin>
        <xmax>529.0839694656488</xmax>
        <ymax>323.42384105960264</ymax>
    </bndbox>
</object><object>
    <name>FresaInmadura</name>
    <pose>Unspecified</pose>
    <truncated>0</truncated>
    <difficult>0</difficult>
    <bndbox>
        <xmin>544.8914599236641</xmin>
        <ymin>183.86423841059607</ymin>
        <xmax>629.0135973282443</xmax>
        <ymax>266.9354304635762</ymax>
    </bndbox>
</object><object>
    <name>FresaInmadura</name>
    <pose>Unspecified</pose>
    <truncated>0</truncated>
    <difficult>0</difficult>
    <bndbox>
        <xmin>399.8914599236641</xmin>
        <ymin>255.85927152317882</ymin>
        <xmax>460.76932251908397</xmax>
        <ymax>316.77814569536423</ymax>
    </bndbox>
</object><object>
    <name>FresaInmadura</name>
    <pose>Unspecified</pose>
    <truncated>0</truncated>
    <difficult>0</difficult>
    <bndbox>
        <xmin>414.28077290076334</xmin>
        <ymin>99.68543046357617</ymin>
        <xmax>501.7235209923664</xmax>
        <ymax>172.78807947019868</ymax>
    </bndbox>
</object><object>
    <name>FresaMadura</name>
    <pose>Unspecified</pose>
    <truncated>0</truncated>
    <difficult>0</difficult>
    <bndbox>
        <xmin>529.3952767175572</xmin>
        <ymin>84.17880794701988</ymin>
        <xmax>590.273139312977</xmax>
        <ymax>136.23675496688742</ymax>
    </bndbox>
</object><object>
    <name>FresaMadura</name>
    <pose>Unspecified</pose>
    <truncated>0</truncated>
    <difficult>0</difficult>
    <bndbox>
        <xmin>571.4563454198473</xmin>
        <ymin>357.75993377483445</ymin>
        <xmax>626.799856870229</xmax>
        <ymax>410.92549668874176</ymax>
    </bndbox>
</object><object>
    <name>FresaInmadura</name>
    <pose>Unspecified</pose>
    <truncated>0</truncated>
    <difficult>0</difficult>
    <bndbox>
        <xmin>430.88382633587787</xmin>
        <ymin>332.28476821192055</ymin>
        <xmax>501.7235209923664</xmax>
        <ymax>393.203642384106</ymax>
    </bndbox>
</object><object>
    <name>FresaInmadura</name>
    <pose>Unspecified</pose>
    <truncated>0</truncated>
    <difficult>0</difficult>
    <bndbox>
        <xmin>413.1739026717557</xmin>
        <ymin>191.61754966887418</ymin>
        <xmax>464.0899332061068</xmax>
        <ymax>255.85927152317882</ymax>
    </bndbox>
</object><object>
    <name>FresaInmadura</name>
    <pose>Unspecified</pose>
    <truncated>0</truncated>
    <difficult>0</difficult>
    <bndbox>
        <xmin>358.93726145038164</xmin>
        <ymin>211.55463576158942</ymin>
        <xmax>428.67008587786256</xmax>
        <ymax>271.3658940397351</ymax>
    </bndbox>
</object><object>
    <name>FresaMadura</name>
    <pose>Unspecified</pose>
    <truncated>0</truncated>
    <difficult>0</difficult>
    <bndbox>
        <xmin>413.96946564885496</xmin>
        <ymin>489.5662251655629</ymin>
        <xmax>475.1586354961832</xmax>
        <ymax>549.3774834437086</ymax>
    </bndbox>
</object><object>
    <name>FresaMadura</name>
    <pose>Unspecified</pose>
    <truncated>0</truncated>
    <difficult>0</difficult>
    <bndbox>
        <xmin>474.05176526717554</xmin>
        <ymin>197.15562913907286</ymin>
        <xmax>532.7158874045801</xmax>
        <ymax>250.32119205298014</ymax>
    </bndbox>
</object><object>
    <name>FresaInmadura</name>
    <pose>Unspecified</pose>
    <truncated>0</truncated>
    <difficult>0</difficult>
    <bndbox>
        <xmin>363.3647423664122</xmin>
        <ymin>414.24834437086093</ymin>
        <xmax>423.1357347328244</xmax>
        <ymax>470.7367549668874</ymax>
    </bndbox>
</object><object>
    <name>FresaMadura</name>
    <pose>Unspecified</pose>
    <truncated>0</truncated>
    <difficult>0</difficult>
    <bndbox>
        <xmin>468.5174141221374</xmin>
        <ymin>126.26821192052981</ymin>
        <xmax>523.860925572519</xmax>
        <ymax>199.3708609271523</ymax>
    </bndbox>
</object><object>
    <name>FresaMadura</name>
    <pose>Unspecified</pose>
    <truncated>0</truncated>
    <difficult>0</difficult>
    <bndbox>
        <xmin>529.3952767175572</xmin>
        <ymin>260.28973509933775</ymin>
        <xmax>582.5250477099236</xmax>
        <ymax>314.5629139072848</ymax>
    </bndbox>
</object><object>
    <name>FresaMadura</name>
    <pose>Unspecified</pose>
    <truncated>0</truncated>
    <difficult>0</difficult>
    <bndbox>
        <xmin>500.61665076335873</xmin>
        <ymin>356.6523178807947</ymin>
        <xmax>559.2807729007633</xmax>
        <ymax>427.5397350993378</ymax>
    </bndbox>
</object><object>
    <name>FresaMadura</name>
    <pose>Unspecified</pose>
    <truncated>0</truncated>
    <difficult>0</difficult>
    <bndbox>
        <xmin>440.84565839694653</xmin>
        <ymin>447.4768211920531</ymin>
        <xmax>523.860925572519</xmax>
        <ymax>508.39569536423846</ymax>
    </bndbox>
</object><object>
    <name>FresaInmadura</name>
    <pose>Unspecified</pose>
    <truncated>0</truncated>
    <difficult>0</difficult>
    <bndbox>
        <xmin>547.1052003816794</xmin>
        <ymin>318.99337748344374</ymin>
        <xmax>604.6624522900763</xmax>
        <ymax>365.51324503311264</ymax>
    </bndbox>
</object><object>
    <name>FresaInmadura</name>
    <pose>Unspecified</pose>
    <truncated>0</truncated>
    <difficult>0</difficult>
    <bndbox>
        <xmin>511.6853530534351</xmin>
        <ymin>304.59437086092714</ymin>
        <xmax>551.5326812977099</xmax>
        <ymax>351.11423841059604</ymax>
    </bndbox>
</object>
</annotation>
